game_id,game_date,home_team,away_team,fg3m_home,ftm_home,pts_home,fg3m_away,ftm_away,pts_away,fg2m_home,fg2m_away,home_win,home_code,away_code
20800001,28/10/2008 00:00,BOS,CLE,3,21,90,3,24,85,30,26,1,1,4
20800003,28/10/2008 00:00,LAL,POR,7,15,96,10,8,76,30,19,1,12,24
20800002,28/10/2008 00:00,CHI,MIL,5,33,108,6,15,95,30,31,1,3,15
20800007,29/10/2008 00:00,NYK,MIA,9,27,120,6,25,115,33,36,1,19,14
20800004,29/10/2008 00:00,ORL,ATL,4,17,85,5,18,99,28,33,0,21,0
20800015,29/10/2008 00:00,LAC,LAL,5,14,79,10,25,117,25,31,0,11,12
20800014,29/10/2008 00:00,GSW,NOH,9,22,103,7,19,108,27,34,0,8,18
20800006,29/10/2008 00:00,WAS,NJN,5,20,85,6,15,95,25,31,0,29,17
20800009,29/10/2008 00:00,MIN,SAC,3,11,98,5,19,96,39,31,1,16,25
20800013,29/10/2008 00:00,UTA,DEN,2,22,98,4,18,94,35,32,1,28,6
20800010,29/10/2008 00:00,OKC,MIL,1,22,87,7,21,98,31,28,0,20,15
20800011,29/10/2008 00:00,SAS,PHX,5,13,98,6,19,103,35,33,0,26,23
20800005,29/10/2008 00:00,PHI,TOR,5,21,84,10,13,95,24,26,0,22,27
20800012,29/10/2008 00:00,HOU,MEM,5,21,82,0,9,71,23,31,1,9,13
20800008,29/10/2008 00:00,DET,IND,6,14,100,4,24,94,34,29,1,7,10
20800017,30/10/2008 00:00,DAL,HOU,4,28,102,7,29,112,31,31,0,5,9
20800016,30/10/2008 00:00,CLE,CHA,7,19,96,3,26,79,28,22,1,4,2
20800018,30/10/2008 00:00,PHX,NOH,7,14,95,13,21,108,30,24,0,23,18
20800021,31/10/2008 00:00,MIA,SAC,8,19,103,2,17,77,30,27,1,14,25
20800025,31/10/2008 00:00,POR,SAS,6,18,100,9,14,99,32,29,1,24,26
20800023,31/10/2008 00:00,MEM,ORL,2,24,86,10,16,84,28,19,1,13,21
20800022,31/10/2008 00:00,BOS,CHI,2,30,96,2,28,80,30,23,1,1,3
20800019,31/10/2008 00:00,PHI,NYK,2,10,116,7,16,87,50,25,1,22,19
20800024,31/10/2008 00:00,LAC,DEN,3,26,103,3,34,113,34,35,0,11,6
20800020,31/10/2008 00:00,TOR,GSW,6,26,112,11,13,108,34,31,1,27,8
20800031,01/11/2008 00:00,NJN,GSW,6,21,97,7,34,105,29,25,0,17,8
20800037,01/11/2008 00:00,DEN,LAL,8,21,97,6,32,104,26,27,0,6,12
20800030,01/11/2008 00:00,DET,WAS,6,27,117,4,23,109,36,37,1,7,29
20800039,01/11/2008 00:00,PHX,POR,6,25,107,9,13,96,32,28,1,23,24
20800033,01/11/2008 00:00,NOH,CLE,7,25,104,9,11,92,29,27,1,18,4
20800027,01/11/2008 00:00,CHA,MIA,5,21,100,5,18,87,32,27,1,2,14
20800036,01/11/2008 00:00,MIL,TOR,3,12,87,8,23,91,33,22,0,15,27
20800034,01/11/2008 00:00,CHI,MEM,8,24,96,3,19,86,24,29,1,3,13
20800029,01/11/2008 00:00,ORL,SAC,8,25,121,5,20,103,36,34,1,21,25
20800026,01/11/2008 00:00,ATL,PHI,8,9,95,6,12,88,31,29,1,0,22
20800035,01/11/2008 00:00,HOU,OKC,6,27,89,0,9,77,22,34,1,9,20
20800028,01/11/2008 00:00,IND,BOS,6,23,95,4,21,79,27,23,1,10,1
20800032,01/11/2008 00:00,MIN,DAL,1,22,85,5,16,95,30,32,0,16,5
20800038,01/11/2008 00:00,UTA,LAC,2,13,101,3,18,79,41,26,1,28,11
20800040,02/11/2008 00:00,NYK,MIL,12,14,86,4,18,94,18,32,0,19,15
20800041,02/11/2008 00:00,OKC,MIN,1,13,88,3,16,85,36,30,1,20,16
20800044,03/11/2008 00:00,PHI,SAC,10,25,125,4,15,91,35,32,1,22,25
20800046,03/11/2008 00:00,DAL,CLE,3,20,81,5,25,100,26,30,0,5,4
20800045,03/11/2008 00:00,MEM,GSW,4,14,90,3,10,79,32,30,1,13,8
20800042,03/11/2008 00:00,CHA,DET,3,28,83,8,9,101,23,34,0,2,7
20800043,03/11/2008 00:00,ORL,CHI,9,21,96,5,12,93,24,33,1,21,3
20800047,03/11/2008 00:00,LAC,UTA,6,9,73,0,25,89,23,32,0,11,28
20800050,04/11/2008 00:00,SAS,DAL,7,14,81,7,5,98,23,36,0,26,5
20800048,04/11/2008 00:00,NJN,PHX,7,23,86,12,16,114,21,31,0,17,23
20800049,04/11/2008 00:00,HOU,BOS,7,24,99,3,20,103,27,37,0,9,1
20800055,05/11/2008 00:00,CLE,CHI,5,28,107,8,23,93,32,23,1,4,3
20800061,05/11/2008 00:00,SAC,MEM,6,16,100,11,22,95,33,20,1,25,13
20800063,05/11/2008 00:00,LAL,LAC,8,32,106,8,10,88,25,27,1,12,11
20800059,05/11/2008 00:00,OKC,BOS,6,15,83,7,17,96,25,29,0,20,1
20800060,05/11/2008 00:00,UTA,POR,4,21,103,10,22,96,35,22,1,28,24
20800052,05/11/2008 00:00,TOR,DET,6,19,93,3,19,100,28,36,0,27,7
20800056,05/11/2008 00:00,MIL,WAS,5,17,112,2,34,104,40,32,1,15,29
20800054,05/11/2008 00:00,NYK,CHA,12,13,101,5,11,98,26,36,1,19,2
20800057,05/11/2008 00:00,MIN,SAS,8,23,125,6,23,129,39,44,0,16,26
20800053,05/11/2008 00:00,MIA,PHI,6,22,106,5,24,83,33,22,1,14,22
20800051,05/11/2008 00:00,IND,PHX,9,20,103,5,22,113,28,38,0,10,23
20800058,05/11/2008 00:00,NOH,ATL,7,12,79,12,7,87,23,22,0,18,0
20800062,05/11/2008 00:00,GSW,DEN,2,25,111,2,21,101,40,37,1,8,6
20800065,06/11/2008 00:00,POR,HOU,6,13,101,6,19,99,35,31,1,24,9
20800064,06/11/2008 00:00,ORL,PHI,9,15,98,5,11,88,28,31,1,21,22
20800072,07/11/2008 00:00,SAS,MIA,11,8,83,7,20,99,21,29,0,26,14
20800077,07/11/2008 00:00,GSW,MEM,2,30,104,5,22,109,34,36,0,8,13
20800069,07/11/2008 00:00,BOS,MIL,4,21,101,6,21,89,34,25,1,1,15
20800078,07/11/2008 00:00,LAC,HOU,3,8,83,6,18,92,33,28,0,11,9
20800070,07/11/2008 00:00,CLE,IND,7,24,111,10,11,107,33,33,1,4,10
20800071,07/11/2008 00:00,NJN,DET,3,30,103,10,30,96,32,18,1,17,7
20800076,07/11/2008 00:00,DEN,DAL,3,37,108,13,14,105,31,26,1,6,5
20800068,07/11/2008 00:00,ATL,TOR,12,10,110,4,18,92,32,31,1,0,27
20800073,07/11/2008 00:00,CHI,PHX,6,14,100,4,23,83,34,24,1,3,23
20800074,07/11/2008 00:00,UTA,OKC,6,26,104,5,22,97,30,30,1,28,20
20800067,07/11/2008 00:00,WAS,NYK,5,11,108,13,9,114,41,33,0,29,19
20800066,07/11/2008 00:00,CHA,NOH,7,29,92,11,14,89,21,21,1,2,18
20800075,07/11/2008 00:00,SAC,MIN,7,22,121,8,29,109,39,28,1,25,16
20800082,08/11/2008 00:00,CHI,CLE,5,20,97,6,24,106,31,32,0,3,4
20800081,08/11/2008 00:00,NOH,MIA,10,22,100,8,19,89,24,23,1,18,14
20800079,08/11/2008 00:00,IND,NJN,11,15,98,6,16,80,25,23,1,10,17
20800080,08/11/2008 00:00,ORL,WAS,8,20,106,6,13,81,31,25,1,21,29
20800083,08/11/2008 00:00,MIL,PHX,5,17,96,6,44,104,32,21,0,15,23
20800084,08/11/2008 00:00,POR,MIN,7,22,97,5,18,93,27,30,1,24,16
20800090,09/11/2008 00:00,DEN,MEM,4,30,100,5,31,90,29,22,1,6,13
20800087,09/11/2008 00:00,LAC,DAL,9,18,103,3,17,92,29,33,1,11,5
20800089,09/11/2008 00:00,OKC,ATL,2,15,85,7,24,89,32,22,0,20,0
20800088,09/11/2008 00:00,DET,BOS,5,19,76,4,18,88,21,29,0,7,1
20800085,09/11/2008 00:00,CHA,TOR,5,14,79,4,15,89,25,31,0,2,27
20800091,09/11/2008 00:00,SAC,GSW,5,26,115,3,17,98,37,36,1,25,8
20800086,09/11/2008 00:00,NYK,UTA,11,24,107,5,14,99,25,35,1,19,28
20800092,09/11/2008 00:00,LAL,HOU,9,18,111,7,13,82,33,24,1,12,9
20800095,10/11/2008 00:00,BOS,TOR,6,24,94,8,13,87,26,25,1,1,27
20800097,10/11/2008 00:00,PHX,MEM,8,25,107,4,22,102,29,34,1,23,13
20800093,10/11/2008 00:00,IND,OKC,4,21,107,5,22,99,37,31,1,10,20
20800096,10/11/2008 00:00,MIA,NJN,11,26,99,13,15,94,20,20,1,14,17
20800094,10/11/2008 00:00,ORL,POR,7,28,99,9,27,106,25,26,0,21,24
20800098,11/11/2008 00:00,CHA,DEN,7,11,80,4,20,88,24,28,0,2,6
20800105,11/11/2008 00:00,GSW,MIN,8,29,113,5,11,110,30,42,1,8,16
20800099,11/11/2008 00:00,CLE,MIL,3,26,99,7,26,93,32,23,1,4,15
20800102,11/11/2008 00:00,DAL,LAL,6,21,99,2,20,106,30,40,0,5,12
20800103,11/11/2008 00:00,SAS,NYK,8,12,92,9,11,80,28,21,1,26,19
20800100,11/11/2008 00:00,PHI,UTA,2,20,80,4,13,93,27,34,0,22,28
20800104,11/11/2008 00:00,SAC,DET,4,10,92,6,30,100,35,26,0,25,7
20800101,11/11/2008 00:00,CHI,ATL,6,18,108,7,28,113,36,32,0,3,0
20800106,12/11/2008 00:00,TOR,PHI,5,23,96,6,14,106,29,37,0,27,22
20800116,12/11/2008 00:00,PHX,HOU,3,15,82,6,10,94,29,33,0,23,9
20800108,12/11/2008 00:00,MIA,POR,9,19,96,7,23,104,25,30,0,14,24
20800114,12/11/2008 00:00,WAS,UTA,5,32,95,7,14,87,24,26,1,29,28
20800107,12/11/2008 00:00,BOS,ATL,5,34,103,13,27,102,27,18,1,1,0
20800112,12/11/2008 00:00,NOH,LAL,5,13,86,6,23,93,29,26,0,18,12
20800115,12/11/2008 00:00,LAC,SAC,10,20,98,5,14,103,24,37,0,11,25
20800109,12/11/2008 00:00,NJN,IND,8,11,87,6,22,98,26,29,0,17,10
20800110,12/11/2008 00:00,MEM,NYK,5,18,103,19,9,132,35,33,0,13,19
20800111,12/11/2008 00:00,MIL,SAS,2,18,82,7,7,78,29,25,1,15,26
20800113,12/11/2008 00:00,OKC,ORL,3,21,92,7,20,109,31,34,0,20,21
20800118,13/11/2008 00:00,CHI,DAL,3,25,98,4,23,91,32,28,1,3,5
20800119,13/11/2008 00:00,GSW,DET,1,27,102,6,23,107,36,33,0,8,7
20800117,13/11/2008 00:00,CLE,DEN,6,10,110,8,21,99,41,27,1,4,6
20800126,14/11/2008 00:00,MEM,MIL,5,23,96,3,28,101,29,32,0,13,15
20800129,14/11/2008 00:00,SAS,HOU,7,10,77,6,9,75,23,24,1,26,9
20800127,14/11/2008 00:00,NOH,POR,7,20,87,7,15,82,23,23,1,18,24
20800130,14/11/2008 00:00,SAC,PHX,4,23,95,5,20,97,30,31,0,25,23
20800125,14/11/2008 00:00,BOS,DEN,10,17,85,5,11,94,19,34,0,1,6
20800124,14/11/2008 00:00,NYK,OKC,7,29,116,1,17,106,33,43,1,19,20
20800120,14/11/2008 00:00,CHA,UTA,5,31,104,5,19,96,29,31,1,2,28
20800131,14/11/2008 00:00,LAL,DET,4,11,95,7,29,106,36,28,0,12,7
20800121,14/11/2008 00:00,IND,PHI,8,10,92,2,22,94,29,33,0,10,22
20800122,14/11/2008 00:00,MIA,WAS,7,10,97,5,10,77,33,26,1,14,29
20800128,14/11/2008 00:00,DAL,ORL,5,19,100,9,27,102,33,24,0,5,21
20800123,14/11/2008 00:00,NJN,ATL,7,32,115,15,17,108,31,23,1,17,0
20800132,15/11/2008 00:00,LAC,GSW,6,25,103,7,18,121,30,41,0,11,8
20800138,15/11/2008 00:00,HOU,NOH,6,25,91,3,17,82,24,28,1,9,18
20800133,15/11/2008 00:00,ATL,NJN,9,28,107,12,31,119,26,26,0,0,17
20800134,15/11/2008 00:00,PHI,OKC,6,14,110,2,15,85,39,32,1,22,20
20800139,15/11/2008 00:00,MIL,BOS,5,30,97,8,32,102,26,23,0,15,1
20800135,15/11/2008 00:00,CLE,UTA,11,22,105,8,19,93,25,25,1,4,28
20800136,15/11/2008 00:00,MIN,POR,2,13,83,9,13,88,32,24,0,16,24
20800137,15/11/2008 00:00,CHI,IND,5,25,104,4,17,91,32,31,1,3,10
20800144,16/11/2008 00:00,PHX,DET,6,16,104,3,17,86,35,30,1,23,7
20800145,16/11/2008 00:00,SAC,SAS,6,16,88,9,13,90,27,25,0,25,26
20800141,16/11/2008 00:00,CHA,ORL,3,18,85,7,19,90,29,25,0,2,21
20800143,16/11/2008 00:00,DEN,MIN,10,24,90,4,18,84,18,27,1,6,16
20800140,16/11/2008 00:00,TOR,MIA,6,29,107,8,14,96,30,29,1,27,14
20800142,16/11/2008 00:00,NYK,DAL,11,13,114,7,23,124,34,40,0,19,5
20800146,17/11/2008 00:00,OKC,HOU,3,18,89,1,15,100,31,41,0,20,9
20800147,17/11/2008 00:00,UTA,PHX,3,26,109,5,20,97,37,31,1,28,23
20800148,17/11/2008 00:00,LAC,SAS,3,8,83,8,6,86,33,28,0,11,26
20800150,18/11/2008 00:00,IND,ATL,8,17,113,7,17,96,36,29,1,10,0
20800151,18/11/2008 00:00,ORL,TOR,11,18,103,2,18,90,26,33,1,21,27
20800157,18/11/2008 00:00,GSW,POR,6,33,111,12,20,106,30,25,1,8,24
20800153,18/11/2008 00:00,BOS,NYK,5,21,110,9,18,101,37,28,1,1,19
20800149,18/11/2008 00:00,CHA,DAL,1,20,83,4,20,100,30,34,0,2,5
20800154,18/11/2008 00:00,NJN,CLE,2,22,82,10,30,106,27,23,0,17,4
20800156,18/11/2008 00:00,DEN,MIL,4,40,114,10,19,105,31,28,1,6,15
20800152,18/11/2008 00:00,WAS,MIA,2,23,87,9,13,94,29,27,0,29,14
20800155,18/11/2008 00:00,MEM,SAC,10,21,109,3,19,94,29,33,1,13,25
20800158,18/11/2008 00:00,LAL,CHI,5,19,116,5,24,109,41,35,1,12,3
20800163,19/11/2008 00:00,MIN,PHI,4,22,102,1,15,96,34,39,1,16,22
20800165,19/11/2008 00:00,OKC,LAC,5,23,88,5,11,108,25,41,0,20,11
20800167,19/11/2008 00:00,UTA,MIL,3,28,105,6,16,94,34,30,1,28,15
20800162,19/11/2008 00:00,HOU,DAL,6,22,86,6,20,96,23,29,0,9,5
20800159,19/11/2008 00:00,ATL,WAS,8,17,91,8,9,87,25,27,1,0,29
20800168,19/11/2008 00:00,POR,CHI,7,25,116,2,16,74,35,26,1,24,3
20800166,19/11/2008 00:00,SAS,DEN,2,21,81,6,25,91,27,24,0,26,6
20800161,19/11/2008 00:00,MIA,TOR,7,10,95,9,16,101,32,29,0,14,27
20800164,19/11/2008 00:00,NOH,SAC,2,14,96,7,16,105,38,34,0,18,25
20800160,19/11/2008 00:00,DET,CLE,5,15,96,8,19,89,33,23,1,7,4
20800169,20/11/2008 00:00,BOS,DET,7,19,98,5,17,80,29,24,1,1,7
20800170,20/11/2008 00:00,PHX,LAL,6,10,92,10,11,105,32,32,0,23,12
20800178,21/11/2008 00:00,MIL,NYK,4,16,104,7,18,87,38,24,1,15,19
20800172,21/11/2008 00:00,PHI,LAC,2,19,89,4,16,88,32,30,1,22,11
20800175,21/11/2008 00:00,ATL,CHA,10,20,88,7,10,83,19,26,1,0,2
20800181,21/11/2008 00:00,SAC,POR,4,12,96,14,13,117,36,31,0,25,24
20800176,21/11/2008 00:00,MIN,BOS,3,23,78,4,17,95,23,33,0,16,1
20800180,21/11/2008 00:00,OKC,NOH,3,25,80,8,17,105,23,32,0,20,18
20800179,21/11/2008 00:00,SAS,UTA,15,20,119,2,20,94,27,34,1,26,28
20800174,21/11/2008 00:00,WAS,HOU,3,18,91,10,23,103,32,25,0,29,9
20800173,21/11/2008 00:00,TOR,NJN,11,32,127,7,16,129,31,46,0,27,17
20800183,21/11/2008 00:00,LAL,DEN,6,16,104,5,13,90,35,31,1,12,6
20800177,21/11/2008 00:00,DAL,MEM,8,23,91,2,12,76,22,29,1,5,13
20800171,21/11/2008 00:00,IND,ORL,7,15,98,12,14,100,31,25,0,10,21
20800182,21/11/2008 00:00,GSW,CHI,4,20,110,10,15,115,39,35,0,8,3
20800192,22/11/2008 00:00,PHX,POR,8,14,102,11,11,92,32,24,1,23,24
20800191,22/11/2008 00:00,NOH,OKC,6,23,109,5,16,97,34,33,1,18,20
20800190,22/11/2008 00:00,MEM,UTA,4,20,94,7,14,103,31,34,0,13,28
20800187,22/11/2008 00:00,MIA,IND,5,22,109,9,17,100,36,28,1,14,10
20800185,22/11/2008 00:00,ORL,HOU,7,22,95,7,13,100,26,33,0,21,9
20800186,22/11/2008 00:00,CLE,ATL,7,21,110,7,17,96,34,29,1,4,0
20800188,22/11/2008 00:00,NJN,LAC,11,25,112,5,18,95,27,31,1,17,11
20800189,22/11/2008 00:00,NYK,WAS,16,20,122,6,23,117,27,38,1,19,29
20800184,22/11/2008 00:00,CHA,MIL,3,13,74,5,24,79,26,20,0,2,15
20800194,23/11/2008 00:00,PHI,GSW,6,9,89,6,7,81,31,28,1,22,8
20800197,23/11/2008 00:00,LAL,SAC,8,20,118,4,10,108,37,43,1,12,25
20800196,23/11/2008 00:00,DEN,CHI,4,30,114,8,19,101,36,29,1,6,3
20800193,23/11/2008 00:00,TOR,BOS,7,34,103,10,18,118,24,35,0,27,1
20800195,23/11/2008 00:00,DET,MIN,5,15,80,7,11,106,25,37,0,7,16
20800200,24/11/2008 00:00,MIA,HOU,9,17,98,10,25,107,27,26,0,14,9
20800201,24/11/2008 00:00,MEM,SAS,3,18,81,10,16,94,27,24,0,13,26
20800199,24/11/2008 00:00,ORL,MIL,8,38,108,4,17,101,23,36,1,21,15
20800198,24/11/2008 00:00,CHA,PHI,8,17,93,3,17,84,26,29,1,2,22
20800204,24/11/2008 00:00,LAC,NOH,6,15,87,5,14,99,27,35,0,11,18
20800202,24/11/2008 00:00,UTA,CHI,3,11,100,5,14,101,40,36,0,28,3
20800203,24/11/2008 00:00,POR,SAC,6,17,91,9,15,90,28,24,1,24,25
20800205,25/11/2008 00:00,WAS,GSW,6,12,124,6,16,100,47,33,1,29,8
20800206,25/11/2008 00:00,NYK,CLE,13,16,101,10,13,119,23,38,0,19,4
20800209,25/11/2008 00:00,LAL,NJN,8,24,120,5,28,93,36,25,1,12,17
20800207,25/11/2008 00:00,OKC,PHX,5,21,98,9,12,99,31,30,0,20,23
20800208,25/11/2008 00:00,DAL,IND,5,22,109,6,14,106,36,37,1,5,10
20800220,26/11/2008 00:00,POR,MIA,11,17,106,2,8,68,28,27,1,24,14
20800216,26/11/2008 00:00,MIN,PHX,7,17,102,4,32,110,32,33,0,16,23
20800221,26/11/2008 00:00,SAC,NJN,9,27,114,9,23,116,30,33,0,25,17
20800222,26/11/2008 00:00,LAC,DEN,6,21,105,4,36,106,33,29,0,11,6
20800219,26/11/2008 00:00,UTA,MEM,5,24,117,3,15,100,39,38,1,28,13
20800212,26/11/2008 00:00,TOR,CHA,6,15,93,3,15,86,30,31,1,27,2
20800213,26/11/2008 00:00,BOS,GSW,5,32,119,7,26,111,36,32,1,1,8
20800217,26/11/2008 00:00,HOU,IND,4,24,90,7,14,91,27,28,0,9,10
20800218,26/11/2008 00:00,SAS,CHI,6,24,98,5,9,88,28,32,1,26,3
20800210,26/11/2008 00:00,ATL,MIL,10,22,102,2,16,96,25,37,1,0,15
20800211,26/11/2008 00:00,CLE,OKC,5,22,117,2,22,82,40,27,1,4,20
20800214,26/11/2008 00:00,PHI,ORL,3,19,94,9,23,96,33,23,0,22,21
20800215,26/11/2008 00:00,DET,NYK,5,11,110,10,20,96,42,23,1,7,19
20800223,27/11/2008 00:00,WAS,ORL,3,17,90,6,23,105,32,32,0,29,21
20800224,27/11/2008 00:00,DEN,NOH,7,18,101,12,27,105,31,21,0,6,18
20800231,28/11/2008 00:00,PHX,MIA,8,6,92,7,18,107,31,34,0,23,14
20800234,28/11/2008 00:00,POR,NOH,8,19,101,8,8,86,29,27,1,24,18
20800227,28/11/2008 00:00,CLE,GSW,9,17,112,4,27,97,34,29,1,4,8
20800232,28/11/2008 00:00,SAS,MEM,9,14,109,4,10,98,34,38,1,26,13
20800225,28/11/2008 00:00,TOR,ATL,4,9,93,8,10,88,36,27,1,27,0
20800233,28/11/2008 00:00,UTA,SAC,10,22,120,5,9,94,34,35,1,28,25
20800229,28/11/2008 00:00,IND,CHA,11,17,108,9,32,115,29,28,0,10,2
20800235,28/11/2008 00:00,LAL,DAL,6,14,114,13,8,107,41,30,1,12,5
20800228,28/11/2008 00:00,DET,MIL,8,27,107,4,25,97,28,30,1,7,15
20800230,28/11/2008 00:00,OKC,MIN,7,18,103,8,23,105,32,29,0,20,16
20800226,28/11/2008 00:00,BOS,PHI,6,18,102,2,12,78,33,30,1,1,22
20800237,29/11/2008 00:00,ORL,IND,12,22,110,6,10,96,26,34,1,21,10
20800245,29/11/2008 00:00,SAC,DAL,0,14,78,7,22,101,32,29,0,25,5
20800238,29/11/2008 00:00,WAS,ATL,6,24,98,11,17,102,28,26,0,29,0
20800239,29/11/2008 00:00,NYK,GSW,13,17,138,7,26,125,41,39,1,19,8
20800236,29/11/2008 00:00,CHA,BOS,5,15,84,2,23,89,27,30,0,2,1
20800241,29/11/2008 00:00,MIN,DEN,6,9,97,6,26,106,35,31,0,16,6
20800243,29/11/2008 00:00,MIL,CLE,6,21,85,5,14,97,23,34,0,15,4
20800244,29/11/2008 00:00,UTA,NJN,4,18,88,7,18,105,29,33,0,28,17
20800240,29/11/2008 00:00,MEM,OKC,5,16,103,3,32,111,36,35,0,13,20
20800242,29/11/2008 00:00,HOU,SAS,6,19,103,5,21,84,33,24,1,9,26
20800246,29/11/2008 00:00,LAC,MIA,4,23,97,10,8,96,31,29,1,11,14
20800248,30/11/2008 00:00,PHI,CHI,5,15,92,8,19,103,31,30,0,22,3
20800251,30/11/2008 00:00,LAL,TOR,4,14,112,11,20,99,43,23,1,12,27
20800250,30/11/2008 00:00,PHX,NJN,11,18,109,8,29,117,29,32,0,23,17
20800249,30/11/2008 00:00,DEN,HOU,11,19,104,10,22,94,26,21,1,6,9
20800247,30/11/2008 00:00,DET,POR,3,22,85,7,17,96,27,29,0,7,24
20800254,01/12/2008 00:00,GSW,MIA,4,47,129,8,28,130,35,39,0,8,14
20800252,01/12/2008 00:00,CHA,MIN,7,19,100,11,19,90,30,19,1,2,16
20800253,01/12/2008 00:00,BOS,ORL,6,21,107,5,15,88,34,29,1,1,21
20800261,02/12/2008 00:00,DEN,TOR,13,21,132,5,20,93,36,29,1,6,27
20800262,02/12/2008 00:00,SAC,UTA,5,25,94,3,24,99,27,33,0,25,28
20800257,02/12/2008 00:00,NYK,POR,10,23,97,11,13,104,22,29,0,19,24
20800259,02/12/2008 00:00,DAL,LAC,8,14,100,4,8,98,31,39,1,5,11
20800260,02/12/2008 00:00,SAS,DET,6,15,77,6,9,89,22,31,0,26,7
20800256,02/12/2008 00:00,NJN,WAS,7,19,88,13,7,108,24,31,0,17,29
20800258,02/12/2008 00:00,CHI,PHI,2,27,95,2,25,103,31,36,0,3,22
20800255,02/12/2008 00:00,IND,LAL,8,20,118,6,33,117,37,33,1,10,12
20800266,03/12/2008 00:00,ORL,MIN,10,16,100,2,15,89,27,34,1,21,16
20800263,03/12/2008 00:00,ATL,MEM,10,15,105,4,21,95,30,31,1,0,13
20800268,03/12/2008 00:00,WAS,POR,5,13,92,6,18,98,32,31,0,29,24
20800270,03/12/2008 00:00,MIL,CHI,3,16,97,4,16,90,36,31,1,15,3
20800265,03/12/2008 00:00,CLE,NYK,6,26,118,10,8,82,37,22,1,4,19
20800272,03/12/2008 00:00,HOU,LAC,10,31,103,5,11,96,21,35,1,9,11
20800271,03/12/2008 00:00,NOH,PHX,8,30,104,7,10,91,25,30,1,18,23
20800273,03/12/2008 00:00,UTA,MIA,4,27,89,4,17,93,25,32,0,28,14
20800267,03/12/2008 00:00,PHI,LAL,5,13,102,6,22,114,37,37,0,22,12
20800264,03/12/2008 00:00,CHA,OKC,4,27,103,7,18,97,32,29,1,2,20
20800269,03/12/2008 00:00,BOS,IND,8,26,114,7,9,96,32,33,1,1,10
20800275,04/12/2008 00:00,DEN,SAS,7,14,91,9,17,108,28,32,0,6,26
20800274,04/12/2008 00:00,DAL,PHX,7,15,112,6,19,97,38,30,1,5,23
20800277,05/12/2008 00:00,WAS,LAL,6,20,104,10,22,106,33,27,0,29,12
20800286,05/12/2008 00:00,UTA,TOR,5,11,114,4,11,87,44,32,1,28,27
20800281,05/12/2008 00:00,BOS,POR,3,22,93,2,18,78,31,27,1,1,24
20800282,05/12/2008 00:00,DET,PHI,2,17,91,3,25,96,34,31,0,7,22
20800279,05/12/2008 00:00,CLE,IND,7,14,97,4,11,73,31,25,1,4,10
20800276,05/12/2008 00:00,ORL,OKC,13,9,98,3,14,89,25,33,1,21,20
20800284,05/12/2008 00:00,HOU,GSW,13,36,131,7,15,112,28,38,1,9,8
20800283,05/12/2008 00:00,MEM,LAC,7,10,93,5,12,81,31,27,1,13,11
20800278,05/12/2008 00:00,ATL,NYK,5,15,98,11,6,95,34,28,1,0,19
20800285,05/12/2008 00:00,MIL,CHA,6,25,101,10,14,96,29,26,1,15,2
20800280,05/12/2008 00:00,NJN,MIN,14,21,113,2,24,84,25,27,1,17,16
20800289,06/12/2008 00:00,PHI,NJN,6,22,84,11,12,95,22,25,0,22,17
20800288,06/12/2008 00:00,MIA,OKC,5,18,105,5,24,99,36,30,1,14,20
20800294,06/12/2008 00:00,SAS,GSW,12,17,123,3,23,88,35,28,1,26,8
20800291,06/12/2008 00:00,NOH,MEM,11,19,106,3,18,87,27,30,1,18,13
20800292,06/12/2008 00:00,CHI,WAS,11,20,117,10,10,110,32,35,1,3,29
20800293,06/12/2008 00:00,DAL,ATL,3,17,100,8,22,98,37,26,1,5,0
20800296,06/12/2008 00:00,SAC,DEN,3,24,85,5,29,118,26,37,0,25,6
20800290,06/12/2008 00:00,MIN,LAC,3,21,84,6,25,107,27,32,0,16,11
20800295,06/12/2008 00:00,PHX,UTA,5,29,106,7,19,104,31,32,1,23,28
20800287,06/12/2008 00:00,CHA,CLE,3,21,74,9,21,94,22,23,0,2,4
20800298,07/12/2008 00:00,TOR,POR,8,13,97,12,14,98,30,24,0,27,24
20800299,07/12/2008 00:00,IND,BOS,6,27,117,13,25,122,36,29,0,10,1
20800300,07/12/2008 00:00,LAL,MIL,5,32,105,4,18,92,29,31,1,12,15
20800297,07/12/2008 00:00,NYK,DET,12,22,104,2,12,92,23,37,1,19,7
20800301,08/12/2008 00:00,MIA,CHA,6,30,100,10,18,96,26,24,1,14,2
20800302,08/12/2008 00:00,MEM,HOU,7,24,109,9,18,97,32,26,1,13,9
20800303,08/12/2008 00:00,OKC,GSW,8,12,102,4,26,112,33,37,0,20,8
20800304,08/12/2008 00:00,LAC,ORL,5,9,88,10,19,95,32,23,0,11,21
20800311,09/12/2008 00:00,PHX,MIL,8,29,125,6,16,110,36,38,1,23,15
20800308,09/12/2008 00:00,CHI,NYK,5,16,105,6,14,100,37,34,1,3,19
20800310,09/12/2008 00:00,HOU,ATL,6,16,92,8,8,84,29,26,1,9,0
20800312,09/12/2008 00:00,POR,ORL,5,23,108,14,17,109,35,25,0,24,21
20800307,09/12/2008 00:00,MIN,UTA,3,27,96,4,31,99,30,28,0,16,28
20800305,09/12/2008 00:00,CLE,TOR,8,20,114,6,24,94,35,26,1,4,27
20800309,09/12/2008 00:00,DAL,SAS,9,21,126,10,25,133,39,39,0,5,26
20800313,09/12/2008 00:00,SAC,LAL,8,17,113,9,22,101,36,26,1,25,12
20800306,09/12/2008 00:00,WAS,DET,4,27,107,7,13,94,34,30,1,29,7
20800320,10/12/2008 00:00,DEN,MIN,8,30,116,4,23,105,31,35,1,6,16
20800322,10/12/2008 00:00,LAL,PHX,8,27,115,10,12,110,32,34,1,12,23
20800316,10/12/2008 00:00,NOH,CHA,12,13,105,6,15,89,28,28,1,18,2
20800319,10/12/2008 00:00,SAS,ATL,10,15,95,6,11,89,25,30,1,26,0
20800315,10/12/2008 00:00,NJN,NYK,11,10,109,9,32,121,33,31,0,17,19
20800317,10/12/2008 00:00,OKC,MEM,4,24,102,6,26,108,33,32,0,20,13
20800318,10/12/2008 00:00,PHI,CLE,1,26,93,5,16,101,32,35,0,22,4
20800314,10/12/2008 00:00,TOR,IND,6,15,101,7,15,88,34,26,1,27,10
20800321,10/12/2008 00:00,GSW,MIL,6,27,119,6,16,96,37,31,1,8,15
20800324,11/12/2008 00:00,DAL,CHA,8,15,95,2,12,90,28,36,1,5,2
20800323,11/12/2008 00:00,WAS,BOS,4,22,88,8,26,122,27,36,0,29,1
20800325,11/12/2008 00:00,UTA,POR,3,24,97,6,14,88,32,28,1,28,24
20800326,12/12/2008 00:00,CLE,PHI,6,18,88,1,11,72,26,29,1,4,22
20800329,12/12/2008 00:00,BOS,NOH,6,22,94,2,24,82,27,26,1,1,18
20800328,12/12/2008 00:00,NJN,TOR,6,21,79,8,29,101,20,24,0,17,27
20800333,12/12/2008 00:00,PHX,ORL,10,15,113,13,21,112,34,26,1,23,21
20800335,12/12/2008 00:00,GSW,HOU,4,18,108,7,30,119,39,34,0,8,9
20800331,12/12/2008 00:00,MEM,CHI,5,18,103,10,14,96,35,26,1,13,3
20800330,12/12/2008 00:00,DET,IND,7,21,114,6,26,110,36,33,1,7,10
20800327,12/12/2008 00:00,MIA,ATL,5,4,73,7,24,87,27,21,0,14,0
20800334,12/12/2008 00:00,POR,LAC,6,20,112,8,18,120,37,39,0,24,11
20800336,12/12/2008 00:00,LAL,SAC,7,21,112,6,23,103,35,31,1,12,25
20800332,12/12/2008 00:00,MIN,SAS,2,12,86,8,16,98,34,29,0,16,26
20800340,13/12/2008 00:00,CHI,NJN,6,21,113,6,26,104,37,30,1,3,17
20800346,13/12/2008 00:00,LAC,HOU,3,14,95,5,15,82,36,26,1,11,9
20800341,13/12/2008 00:00,DAL,OKC,7,14,103,3,16,99,34,37,1,5,20
20800344,13/12/2008 00:00,UTA,ORL,8,20,94,14,17,103,25,22,0,28,21
20800345,13/12/2008 00:00,SAC,NYK,3,15,90,13,15,114,33,30,0,25,19
20800338,13/12/2008 00:00,CHA,DET,2,18,86,9,13,90,31,25,0,2,7
20800343,13/12/2008 00:00,DEN,GSW,9,14,123,7,18,105,41,33,1,6,8
20800342,13/12/2008 00:00,MIL,IND,8,27,121,6,23,103,35,31,1,15,10
20800337,13/12/2008 00:00,ATL,CLE,6,31,97,5,19,92,24,29,1,0,4
20800339,13/12/2008 00:00,PHI,WAS,2,26,104,7,14,89,36,27,1,22,29
20800350,14/12/2008 00:00,LAL,MIN,5,17,98,8,18,86,33,22,1,12,16
20800349,14/12/2008 00:00,SAS,OKC,9,18,109,6,10,104,32,38,1,26,20
20800347,14/12/2008 00:00,TOR,NOH,8,21,91,12,15,99,23,24,0,27,18
20800348,14/12/2008 00:00,MEM,MIA,8,26,102,8,14,86,26,24,1,13,14
20800358,15/12/2008 00:00,SAC,MIN,10,22,118,6,25,103,33,30,1,25,16
20800353,15/12/2008 00:00,WAS,IND,7,23,98,4,22,118,27,42,0,29,10
20800351,15/12/2008 00:00,ATL,CHA,3,10,83,5,12,79,32,26,1,0,2
20800359,15/12/2008 00:00,GSW,ORL,5,17,98,10,9,109,33,35,0,8,21
20800355,15/12/2008 00:00,MIA,MIL,8,13,83,8,18,98,23,28,0,14,15
20800357,15/12/2008 00:00,PHX,NYK,9,24,111,5,18,103,30,35,1,23,19
20800356,15/12/2008 00:00,DAL,DEN,10,20,88,10,16,98,19,26,0,5,6
20800352,15/12/2008 00:00,TOR,NJN,9,22,87,8,22,94,19,24,0,27,17
20800354,15/12/2008 00:00,BOS,UTA,3,31,100,3,20,91,30,31,1,1,28
20800364,16/12/2008 00:00,POR,SAC,4,33,109,5,24,77,32,19,1,24,25
20800365,16/12/2008 00:00,LAL,NYK,6,20,116,13,27,114,39,24,1,12,19
20800361,16/12/2008 00:00,MEM,NOH,4,14,84,10,29,91,29,16,0,13,18
20800360,16/12/2008 00:00,CHA,CHI,6,32,110,5,14,101,30,36,1,2,3
20800362,16/12/2008 00:00,OKC,LAC,2,14,88,6,14,98,34,33,0,20,11
20800363,16/12/2008 00:00,HOU,DEN,11,13,108,10,12,96,31,27,1,9,6
20800369,17/12/2008 00:00,TOR,DAL,4,10,86,9,9,96,32,30,0,27,5
20800374,17/12/2008 00:00,NOH,SAS,7,13,90,9,12,83,28,22,1,18,26
20800368,17/12/2008 00:00,PHI,MIL,4,17,93,2,22,88,32,30,1,22,15
20800371,17/12/2008 00:00,NJN,UTA,4,18,92,4,29,103,31,31,0,17,28
20800372,17/12/2008 00:00,MIN,CLE,1,11,70,4,9,93,28,36,0,16,4
20800366,17/12/2008 00:00,ATL,BOS,7,20,85,2,18,88,22,32,0,0,1
20800367,17/12/2008 00:00,IND,GSW,6,27,127,12,18,120,41,33,1,10,8
20800370,17/12/2008 00:00,DET,WAS,3,15,88,4,18,74,32,22,1,7,29
20800373,17/12/2008 00:00,CHI,LAC,7,26,115,4,23,109,34,37,1,3,11
20800376,18/12/2008 00:00,POR,PHX,11,23,124,12,25,119,34,29,1,24,23
20800375,18/12/2008 00:00,ORL,SAS,6,8,90,8,10,78,32,22,1,21,26
20800377,19/12/2008 00:00,IND,LAC,4,19,109,3,32,117,39,38,0,10,11
20800386,19/12/2008 00:00,OKC,TOR,3,16,91,2,17,83,33,30,1,20,27
20800381,19/12/2008 00:00,NJN,DAL,14,19,121,8,25,97,30,24,1,17,5
20800388,19/12/2008 00:00,DEN,CLE,10,10,88,6,19,105,24,34,0,6,4
20800387,19/12/2008 00:00,HOU,SAC,6,19,107,8,18,96,35,27,1,9,25
20800378,19/12/2008 00:00,WAS,PHI,10,15,103,9,28,109,29,27,0,29,22
20800382,19/12/2008 00:00,NYK,MIL,7,16,81,8,13,105,22,34,0,19,15
20800380,19/12/2008 00:00,BOS,CHI,12,14,126,11,11,108,38,32,1,1,3
20800385,19/12/2008 00:00,MIA,LAL,8,17,89,7,10,87,24,28,1,14,12
20800379,19/12/2008 00:00,ATL,GSW,7,20,115,6,11,99,37,35,1,0,8
20800384,19/12/2008 00:00,MEM,CHA,3,18,83,4,8,112,28,46,0,13,2
20800383,19/12/2008 00:00,DET,UTA,7,21,114,4,28,120,36,40,0,7,28
20800398,20/12/2008 00:00,PHX,DEN,9,23,108,11,16,101,29,26,1,23,6
20800393,20/12/2008 00:00,NJN,MIA,5,28,103,6,22,106,30,33,0,17,14
20800390,20/12/2008 00:00,ORL,LAL,12,24,106,7,24,103,23,29,1,21,12
20800394,20/12/2008 00:00,NOH,SAC,5,22,99,9,15,90,31,24,1,18,25
20800392,20/12/2008 00:00,MIN,HOU,5,17,102,12,19,109,35,27,0,16,9
20800397,20/12/2008 00:00,SAS,TOR,16,7,107,4,13,97,26,36,1,26,27
20800389,20/12/2008 00:00,CHA,GSW,11,16,103,10,30,110,27,25,0,2,8
20800391,20/12/2008 00:00,PHI,IND,0,24,94,6,17,95,35,30,0,22,10
20800396,20/12/2008 00:00,MIL,LAC,5,22,119,5,24,85,41,23,1,15,11
20800395,20/12/2008 00:00,CHI,UTA,7,17,106,2,20,98,34,36,1,3,28
20800402,21/12/2008 00:00,OKC,CLE,7,14,91,9,9,102,28,33,0,20,4
20800399,21/12/2008 00:00,ATL,DET,8,15,85,3,5,78,23,32,1,0,7
20800401,21/12/2008 00:00,WAS,DAL,5,21,86,5,12,97,25,35,0,29,5
20800400,21/12/2008 00:00,BOS,NYK,10,14,124,13,20,105,40,23,1,1,19
20800407,22/12/2008 00:00,DEN,POR,3,28,97,8,15,89,30,25,1,6,24
20800403,22/12/2008 00:00,ORL,GSW,16,15,113,5,18,81,25,24,1,21,8
20800408,22/12/2008 00:00,LAC,TOR,7,18,75,7,18,97,18,29,0,11,27
20800404,22/12/2008 00:00,NJN,HOU,3,16,91,9,19,114,33,34,0,17,9
20800406,22/12/2008 00:00,SAS,SAC,7,20,101,5,18,85,30,26,1,26,25
20800405,22/12/2008 00:00,MEM,LAL,9,17,96,6,19,105,26,34,0,13,12
20800412,23/12/2008 00:00,IND,NJN,11,10,107,8,28,108,32,28,0,10,17
20800410,23/12/2008 00:00,CHA,WAS,3,17,80,5,11,72,27,23,1,2,29
20800415,23/12/2008 00:00,DET,CHI,5,27,104,6,20,98,31,30,1,7,3
20800419,23/12/2008 00:00,SAS,MIN,5,18,99,4,25,93,33,28,1,26,16
20800416,23/12/2008 00:00,MIL,UTA,1,27,94,3,23,86,32,27,1,15,28
20800411,23/12/2008 00:00,CLE,HOU,8,15,99,10,18,90,30,21,1,4,9
20800420,23/12/2008 00:00,POR,DEN,9,24,101,6,26,92,25,24,1,24,6
20800409,23/12/2008 00:00,ATL,OKC,7,18,99,5,15,88,30,29,1,0,20
20800413,23/12/2008 00:00,BOS,PHI,7,29,110,0,17,91,30,37,1,1,22
20800414,23/12/2008 00:00,MIA,GSW,6,14,96,5,17,88,32,28,1,14,8
20800417,23/12/2008 00:00,NOH,LAL,9,14,87,6,28,100,23,27,0,18,12
20800418,23/12/2008 00:00,DAL,MEM,7,11,100,4,16,82,34,27,1,5,13
20800424,25/12/2008 00:00,CLE,WAS,12,19,93,9,4,89,19,29,1,4,29
20800425,25/12/2008 00:00,POR,DAL,5,21,94,7,15,102,29,33,0,24,5
20800422,25/12/2008 00:00,PHX,SAS,3,19,90,6,9,91,31,32,0,23,26
20800423,25/12/2008 00:00,LAL,BOS,8,12,92,5,6,83,28,31,1,12,1
20800421,25/12/2008 00:00,ORL,NOH,13,15,88,4,8,68,17,24,1,21,18
20800431,26/12/2008 00:00,NOH,HOU,3,19,88,5,22,79,30,21,1,18,9
20800429,26/12/2008 00:00,DET,OKC,2,10,90,2,12,88,37,35,1,7,20
20800433,26/12/2008 00:00,UTA,DAL,2,23,97,7,15,88,34,26,1,28,5
20800430,26/12/2008 00:00,MEM,IND,2,24,108,6,13,105,39,37,1,13,10
20800428,26/12/2008 00:00,NYK,MIN,11,26,107,13,31,120,24,25,0,19,16
20800434,26/12/2008 00:00,SAC,TOR,8,21,101,4,27,107,28,34,0,25,27
20800427,26/12/2008 00:00,NJN,CHA,9,14,87,6,19,95,23,29,0,17,2
20800435,26/12/2008 00:00,GSW,BOS,10,23,99,6,17,89,23,27,1,8,1
20800432,26/12/2008 00:00,DEN,PHI,15,24,105,5,18,101,18,34,1,6,22
20800426,26/12/2008 00:00,MIA,CHI,6,12,90,6,9,77,30,25,1,14,3
20800439,27/12/2008 00:00,MIN,ORL,8,16,94,12,20,118,27,31,0,16,21
20800436,27/12/2008 00:00,ATL,CHI,9,22,129,12,19,117,40,31,1,0,3
20800437,27/12/2008 00:00,CHA,NJN,6,21,103,10,28,114,32,28,0,2,17
20800440,27/12/2008 00:00,HOU,UTA,12,32,120,5,12,115,26,44,1,9,28
20800438,27/12/2008 00:00,WAS,OKC,3,11,104,5,16,95,42,32,1,29,20
20800443,27/12/2008 00:00,POR,TOR,7,15,102,7,12,89,33,28,1,24,27
20800442,27/12/2008 00:00,SAS,MEM,7,17,106,5,16,103,34,36,1,26,13
20800441,27/12/2008 00:00,MIL,DET,1,27,76,3,16,87,23,31,0,15,7
20800449,28/12/2008 00:00,LAL,GSW,10,26,130,9,24,113,37,31,1,12,8
20800446,28/12/2008 00:00,CLE,MIA,7,24,93,3,13,86,24,32,1,4,14
20800448,28/12/2008 00:00,SAC,BOS,4,21,63,6,20,108,15,35,0,25,1
20800447,28/12/2008 00:00,IND,NOH,9,16,103,8,19,105,30,31,0,10,18
20800444,28/12/2008 00:00,NYK,DEN,12,22,110,6,21,117,26,39,0,19,6
20800445,28/12/2008 00:00,LAC,DAL,1,15,76,9,19,98,29,26,0,11,5
20800457,29/12/2008 00:00,GSW,TOR,12,29,117,10,19,111,26,31,1,8,27
20800452,29/12/2008 00:00,NJN,CHI,3,20,87,11,13,100,29,27,0,17,3
20800456,29/12/2008 00:00,UTA,PHI,8,20,112,1,18,95,34,37,1,28,22
20800455,29/12/2008 00:00,HOU,WAS,7,16,87,1,16,89,25,35,0,9,29
20800453,29/12/2008 00:00,MIN,MEM,1,29,108,4,22,98,38,32,1,16,13
20800450,29/12/2008 00:00,ATL,DEN,12,21,109,5,16,91,26,30,1,0,6
20800451,29/12/2008 00:00,DET,ORL,5,19,88,11,9,82,27,20,1,7,21
20800454,29/12/2008 00:00,OKC,PHX,5,21,102,7,19,110,33,35,0,20,23
20800464,30/12/2008 00:00,SAS,MIL,10,16,98,5,13,100,26,36,0,26,15
20800466,30/12/2008 00:00,SAC,LAC,4,24,92,5,25,90,28,25,1,25,11
20800463,30/12/2008 00:00,DAL,MIN,10,17,107,9,11,100,30,31,1,5,16
20800461,30/12/2008 00:00,MEM,PHX,4,27,89,5,26,101,25,30,0,13,23
20800458,30/12/2008 00:00,CHA,NYK,6,13,89,7,14,93,29,29,0,2,19
20800465,30/12/2008 00:00,POR,BOS,6,19,91,3,29,86,27,24,1,24,1
20800460,30/12/2008 00:00,MIA,CLE,11,25,104,11,18,95,23,22,1,14,4
20800459,30/12/2008 00:00,IND,ATL,7,23,104,6,28,110,30,32,0,10,0
20800462,30/12/2008 00:00,NOH,WAS,10,21,97,1,12,85,23,35,1,18,29
20800468,31/12/2008 00:00,DET,NJN,3,14,83,3,16,75,30,25,1,7,17
20800471,31/12/2008 00:00,OKC,GSW,3,22,107,9,21,100,38,26,1,20,8
20800467,31/12/2008 00:00,CHI,ORL,6,20,94,11,16,113,28,32,0,3,21
20800469,31/12/2008 00:00,HOU,MIL,4,21,85,6,11,81,26,26,1,9,15
20800470,31/12/2008 00:00,TOR,DEN,10,21,107,8,22,114,28,34,0,27,6
20800472,31/12/2008 00:00,LAC,PHI,4,24,92,1,25,100,28,36,0,11,22
20800479,02/01/2009 00:00,DET,SAC,0,18,98,3,33,92,40,25,1,7,25
20800484,02/01/2009 00:00,MIL,CHA,8,23,103,4,13,75,28,25,1,15,2
20800483,02/01/2009 00:00,DAL,PHI,8,16,96,5,11,86,28,30,1,5,22
20800476,02/01/2009 00:00,CLE,CHI,7,30,117,5,27,92,33,25,1,4,3
20800482,02/01/2009 00:00,OKC,DEN,8,22,120,10,30,122,37,31,0,20,6
20800477,02/01/2009 00:00,NJN,ATL,14,9,93,9,10,91,21,27,1,17,0
20800486,02/01/2009 00:00,POR,NOH,4,15,77,8,6,92,25,31,0,24,18
20800485,02/01/2009 00:00,PHX,LAC,7,17,106,6,22,98,34,29,1,23,11
20800478,02/01/2009 00:00,NYK,IND,8,19,103,9,22,105,30,28,0,19,10
20800480,02/01/2009 00:00,MEM,SAS,2,16,80,6,17,91,29,28,0,13,26
20800474,02/01/2009 00:00,TOR,HOU,4,10,94,7,10,73,36,21,1,27,9
20800475,02/01/2009 00:00,BOS,WAS,12,14,108,2,19,83,29,29,1,1,29
20800487,02/01/2009 00:00,LAL,UTA,3,32,113,2,20,100,36,37,1,12,28
20800481,02/01/2009 00:00,MIN,GSW,3,30,115,7,25,108,38,31,1,16,8
20800473,02/01/2009 00:00,ORL,MIA,8,20,86,3,9,76,21,29,1,21,14
20800489,03/01/2009 00:00,CHA,MIL,7,29,102,3,21,92,26,31,1,2,15
20800492,03/01/2009 00:00,CHI,MIN,8,14,92,5,23,102,27,32,0,3,16
20800494,03/01/2009 00:00,DEN,NOH,6,27,105,7,19,100,30,30,1,6,18
20800491,03/01/2009 00:00,MIA,NJN,9,30,101,7,19,96,22,28,1,14,17
20800490,03/01/2009 00:00,IND,SAC,6,30,122,14,23,117,37,26,1,10,25
20800493,03/01/2009 00:00,SAS,PHI,15,9,108,4,16,106,27,39,1,26,22
20800488,03/01/2009 00:00,ATL,HOU,4,13,103,9,17,100,39,28,1,0,9
20800498,04/01/2009 00:00,MEM,DAL,7,17,102,5,13,82,32,27,1,13,5
20800500,04/01/2009 00:00,LAL,POR,8,26,100,9,13,86,25,23,1,12,24
20800496,04/01/2009 00:00,WAS,CLE,2,14,80,7,14,77,30,21,1,29,4
20800495,04/01/2009 00:00,TOR,ORL,3,23,108,15,17,102,38,20,1,27,21
20800497,04/01/2009 00:00,LAC,DET,4,27,87,5,13,88,24,30,0,11,7
20800499,04/01/2009 00:00,NYK,BOS,9,23,100,6,18,88,25,26,1,19,1
20800505,05/01/2009 00:00,UTA,GSW,3,30,119,9,25,114,40,31,1,28,8
20800504,05/01/2009 00:00,DEN,IND,10,25,135,10,23,115,40,31,1,6,10
20800502,05/01/2009 00:00,NJN,SAC,10,20,98,5,15,90,24,30,1,17,25
20800503,05/01/2009 00:00,MIL,TOR,11,20,107,6,13,97,27,33,1,15,27
20800501,05/01/2009 00:00,MIA,SAS,6,6,84,10,11,91,30,25,0,14,26
20800510,06/01/2009 00:00,OKC,NYK,5,24,107,11,18,99,34,24,1,20,19
20800506,06/01/2009 00:00,CHA,BOS,7,31,114,6,22,106,31,33,1,2,1
20800512,06/01/2009 00:00,DAL,LAC,8,17,107,7,31,102,33,25,1,5,11
20800511,06/01/2009 00:00,CHI,SAC,2,33,99,3,19,94,30,33,1,3,25
20800508,06/01/2009 00:00,PHI,HOU,3,19,104,5,23,96,38,29,1,22,9
20800509,06/01/2009 00:00,MEM,MIN,2,21,87,8,16,94,30,27,0,13,16
20800513,06/01/2009 00:00,LAL,NOH,16,17,105,5,33,116,20,34,0,12,18
20800507,06/01/2009 00:00,ORL,WAS,10,17,89,3,9,80,21,31,1,21,29
20800516,07/01/2009 00:00,WAS,TOR,5,10,93,8,17,99,34,29,0,29,27
20800523,07/01/2009 00:00,UTA,NOH,5,31,116,8,18,90,35,24,1,28,18
20800517,07/01/2009 00:00,BOS,HOU,6,19,85,9,10,89,24,26,0,1,9
20800524,07/01/2009 00:00,POR,DET,6,14,84,2,9,83,26,34,1,24,7
20800518,07/01/2009 00:00,NJN,MEM,5,21,100,4,15,89,32,31,1,17,13
20800525,07/01/2009 00:00,GSW,LAL,5,11,106,5,27,114,40,36,0,8,12
20800519,07/01/2009 00:00,MIL,PHI,7,18,105,8,32,110,33,27,0,15,22
20800515,07/01/2009 00:00,CLE,CHA,7,14,111,3,20,81,38,26,1,4,2
20800520,07/01/2009 00:00,MIN,OKC,12,21,129,3,14,87,36,32,1,16,20
20800522,07/01/2009 00:00,PHX,IND,7,29,110,10,11,113,30,36,0,23,10
20800514,07/01/2009 00:00,ATL,ORL,8,14,102,8,26,106,32,28,0,0,21
20800521,07/01/2009 00:00,DEN,MIA,10,30,108,6,15,97,24,32,1,6,14
20800527,08/01/2009 00:00,SAS,LAC,11,7,106,6,8,84,33,29,1,26,11
20800526,08/01/2009 00:00,DAL,NYK,10,13,99,10,10,94,28,27,1,5,19
20800531,09/01/2009 00:00,CLE,BOS,8,24,98,5,12,83,25,28,1,4,1
20800534,09/01/2009 00:00,CHI,WAS,9,13,98,4,12,86,29,31,1,3,29
20800539,09/01/2009 00:00,PHX,DAL,5,19,128,9,17,100,47,28,1,23,5
20800537,09/01/2009 00:00,SAC,MIA,8,33,115,7,32,119,29,33,0,25,14
20800536,09/01/2009 00:00,DEN,DET,2,28,90,4,27,93,28,27,0,6,7
20800538,09/01/2009 00:00,LAL,IND,5,28,121,11,26,119,39,30,1,12,10
20800533,09/01/2009 00:00,OKC,HOU,4,14,96,5,25,98,35,29,0,20,9
20800529,09/01/2009 00:00,PHI,CHA,3,16,93,5,12,87,34,30,1,22,2
20800535,09/01/2009 00:00,MIL,NJN,10,16,104,16,10,102,29,22,1,15,17
20800530,09/01/2009 00:00,TOR,MEM,4,19,103,3,17,82,36,28,1,27,13
20800532,09/01/2009 00:00,NOH,LAC,11,16,107,7,7,80,29,26,1,18,11
20800528,09/01/2009 00:00,ORL,ATL,16,25,121,8,23,87,24,20,1,21,0
20800545,10/01/2009 00:00,POR,GSW,5,26,113,6,18,100,36,32,1,24,8
20800542,10/01/2009 00:00,CHI,OKC,5,13,98,1,28,109,35,39,0,3,20
20800544,10/01/2009 00:00,UTA,DET,5,18,99,2,24,82,33,26,1,28,7
20800541,10/01/2009 00:00,MIN,MIL,13,23,106,6,18,104,22,34,1,16,15
20800543,10/01/2009 00:00,HOU,NYK,9,15,96,8,10,76,27,21,1,9,19
20800540,10/01/2009 00:00,WAS,CHA,1,20,89,9,13,92,33,26,0,29,2
20800550,11/01/2009 00:00,GSW,IND,10,32,120,8,27,117,29,33,1,8,10
20800552,11/01/2009 00:00,LAL,MIA,9,25,108,9,10,105,28,34,1,12,14
20800546,11/01/2009 00:00,TOR,BOS,6,26,88,10,20,94,22,22,0,27,1
20800549,11/01/2009 00:00,SAS,ORL,3,17,98,14,19,105,36,22,0,26,21
20800551,11/01/2009 00:00,SAC,DAL,8,12,102,3,14,95,33,36,1,25,5
20800548,11/01/2009 00:00,LAC,PHX,6,23,103,6,25,109,31,33,0,11,23
20800547,11/01/2009 00:00,ATL,PHI,8,20,94,9,18,109,25,32,0,0,22
20800557,12/01/2009 00:00,CHI,POR,2,27,95,11,30,109,31,23,0,3,24
20800556,12/01/2009 00:00,NOH,NYK,7,22,95,8,15,101,26,31,0,18,19
20800553,12/01/2009 00:00,WAS,MIL,6,15,91,5,16,97,29,33,0,29,15
20800558,12/01/2009 00:00,UTA,IND,8,34,120,13,16,113,31,29,1,28,10
20800554,12/01/2009 00:00,BOS,TOR,10,21,115,9,22,109,32,30,1,1,27
20800555,12/01/2009 00:00,NJN,OKC,6,19,103,3,24,99,33,33,1,17,20
20800564,13/01/2009 00:00,PHX,ATL,11,20,107,4,24,102,27,33,1,23,0
20800562,13/01/2009 00:00,HOU,LAL,6,6,100,5,18,105,38,36,0,9,12
20800560,13/01/2009 00:00,MEM,CLE,1,28,87,12,18,102,28,24,0,13,4
20800559,13/01/2009 00:00,DET,CHA,5,11,78,2,14,80,26,30,0,7,2
20800563,13/01/2009 00:00,DEN,DAL,4,29,99,7,20,97,29,28,1,6,5
20800561,13/01/2009 00:00,MIN,MIA,11,9,96,3,30,99,27,30,0,16,14
20800565,13/01/2009 00:00,SAC,ORL,8,25,107,23,18,139,29,26,0,25,21
20800570,14/01/2009 00:00,NYK,WAS,14,28,128,10,20,122,29,36,1,19,29
20800575,14/01/2009 00:00,GSW,SAC,6,25,133,10,35,135,45,35,0,8,25
20800567,14/01/2009 00:00,PHI,POR,11,19,100,3,20,79,24,25,1,22,24
20800574,14/01/2009 00:00,SAS,LAL,10,14,112,9,8,111,34,38,1,26,12
20800569,14/01/2009 00:00,BOS,NJN,12,18,118,5,29,86,32,21,1,1,17
20800566,14/01/2009 00:00,IND,DET,8,26,110,9,11,106,30,34,1,10,7
20800568,14/01/2009 00:00,TOR,CHI,5,23,98,9,13,102,30,31,0,27,3
20800572,14/01/2009 00:00,OKC,UTA,3,33,114,4,19,93,36,31,1,20,28
20800576,14/01/2009 00:00,LAC,ATL,3,15,80,7,18,97,28,29,0,11,0
20800571,14/01/2009 00:00,MIL,MIA,3,10,99,8,18,102,40,30,0,15,14
20800573,14/01/2009 00:00,DAL,NOH,9,14,97,6,14,104,28,36,0,5,18
20800579,15/01/2009 00:00,DEN,PHX,6,31,119,7,28,113,35,32,1,6,23
20800578,15/01/2009 00:00,CHI,CLE,7,19,102,10,17,93,31,23,1,3,4
20800577,15/01/2009 00:00,NJN,POR,9,12,99,5,26,105,30,32,0,17,24
20800586,16/01/2009 00:00,PHX,MIN,2,17,103,7,14,105,40,35,0,23,16
20800584,16/01/2009 00:00,MEM,UTA,3,24,91,7,20,101,29,30,0,13,28
20800581,16/01/2009 00:00,PHI,SAS,8,15,109,7,18,87,35,24,1,22,26
20800587,16/01/2009 00:00,SAC,MIL,9,43,122,10,29,129,26,35,0,25,15
20800583,16/01/2009 00:00,CLE,NOH,10,18,92,5,23,78,22,20,1,4,18
20800589,16/01/2009 00:00,LAL,ORL,9,20,103,12,23,109,28,25,0,12,21
20800580,16/01/2009 00:00,IND,TOR,9,26,111,7,29,104,29,27,1,10,27
20800585,16/01/2009 00:00,OKC,DET,4,15,89,2,3,79,31,35,1,20,7
20800582,16/01/2009 00:00,WAS,NYK,7,15,96,12,13,89,30,20,1,29,19
20800588,16/01/2009 00:00,GSW,ATL,9,28,119,9,23,114,32,32,1,8,0
20800591,17/01/2009 00:00,CHA,POR,4,22,102,5,16,97,34,33,1,2,24
20800598,17/01/2009 00:00,LAC,MIL,4,13,101,9,21,92,38,22,1,11,15
20800596,17/01/2009 00:00,DAL,UTA,6,23,115,8,22,108,37,31,1,5,28
20800590,17/01/2009 00:00,NJN,BOS,6,19,85,10,23,105,24,26,0,17,1
20800593,17/01/2009 00:00,NYK,PHI,10,17,97,6,15,107,25,37,0,19,22
20800594,17/01/2009 00:00,CHI,SAS,3,8,87,7,15,92,35,28,0,3,26
20800597,17/01/2009 00:00,DEN,ORL,5,21,88,11,21,106,26,26,0,6,21
20800592,17/01/2009 00:00,DET,NOH,6,7,85,2,19,91,30,33,0,7,18
20800595,17/01/2009 00:00,HOU,MIA,3,12,93,7,7,86,36,29,1,9,14
20800600,18/01/2009 00:00,OKC,MIA,4,22,94,11,11,104,30,30,0,20,14
20800599,18/01/2009 00:00,TOR,PHX,7,18,113,5,26,117,37,38,0,27,23
20800608,19/01/2009 00:00,GSW,WAS,13,18,119,5,13,98,31,35,1,8,29
20800611,19/01/2009 00:00,POR,MIL,4,24,102,6,13,85,33,27,1,24,15
20800602,19/01/2009 00:00,PHI,DAL,9,14,93,8,17,95,26,27,0,22,5
20800601,19/01/2009 00:00,NYK,CHI,9,21,102,4,14,98,27,36,1,19,3
20800607,19/01/2009 00:00,NOH,IND,12,27,103,8,18,100,20,29,1,18,10
20800610,19/01/2009 00:00,BOS,PHX,5,9,104,4,15,87,40,30,1,1,23
20800612,19/01/2009 00:00,LAL,CLE,10,7,105,8,12,88,34,26,1,12,4
20800605,19/01/2009 00:00,HOU,DEN,9,14,115,9,20,113,37,33,1,9,6
20800606,19/01/2009 00:00,LAC,MIN,6,12,86,4,12,94,28,35,0,11,16
20800603,19/01/2009 00:00,ATL,TOR,7,14,87,2,12,84,26,33,1,0,27
20800604,19/01/2009 00:00,CHA,SAS,5,21,84,5,23,86,24,24,0,2,26
20800609,19/01/2009 00:00,MEM,DET,2,13,79,1,14,87,30,35,0,13,7
20800613,20/01/2009 00:00,CHI,ATL,4,18,102,9,22,105,36,28,0,3,0
20800614,20/01/2009 00:00,SAS,IND,6,19,99,7,14,81,31,23,1,26,10
20800616,20/01/2009 00:00,UTA,MIN,5,27,112,8,11,107,35,36,1,28,16
20800615,20/01/2009 00:00,DEN,SAC,3,35,118,11,18,99,37,24,1,6,25
20800621,21/01/2009 00:00,MIL,DAL,13,24,133,5,34,99,35,25,1,15,5
20800625,21/01/2009 00:00,SAC,WAS,12,25,107,2,22,110,23,41,0,25,29
20800622,21/01/2009 00:00,NOH,NJN,9,13,102,9,9,92,31,28,1,18,17
20800626,21/01/2009 00:00,GSW,OKC,5,38,121,8,30,122,34,34,0,8,20
20800618,21/01/2009 00:00,DET,TOR,3,12,95,4,10,76,37,27,1,7,27
20800620,21/01/2009 00:00,NYK,PHX,9,23,114,5,22,109,32,36,1,19,23
20800623,21/01/2009 00:00,HOU,UTA,11,27,108,6,19,99,24,31,1,9,28
20800627,21/01/2009 00:00,LAC,LAL,6,15,97,5,17,108,32,38,0,11,12
20800617,21/01/2009 00:00,CHA,MEM,7,18,101,3,25,86,31,26,1,2,13
20800624,21/01/2009 00:00,POR,CLE,7,25,98,11,11,104,26,30,0,24,4
20800619,21/01/2009 00:00,MIA,BOS,7,12,83,15,9,98,25,22,0,14,1
20800628,22/01/2009 00:00,ORL,BOS,7,21,80,0,20,90,19,35,0,21,1
20800629,22/01/2009 00:00,LAL,WAS,8,19,117,5,18,97,37,32,1,12,29
20800633,23/01/2009 00:00,ATL,MIL,8,23,117,10,17,87,35,20,1,0,15
20800634,23/01/2009 00:00,NYK,MEM,9,23,108,7,21,88,29,23,1,19,13
20800638,23/01/2009 00:00,GSW,CLE,6,29,105,10,24,106,29,26,0,8,4
20800630,23/01/2009 00:00,CHA,PHX,7,11,98,6,16,76,33,21,1,2,23
20800632,23/01/2009 00:00,IND,HOU,8,33,107,6,22,102,25,31,1,10,9
20800631,23/01/2009 00:00,DET,DAL,1,28,91,6,16,112,30,39,0,7,5
20800639,23/01/2009 00:00,LAC,OKC,11,20,107,7,33,104,27,25,1,11,20
20800636,23/01/2009 00:00,CHI,TOR,8,22,94,6,22,114,24,37,0,3,27
20800635,23/01/2009 00:00,MIN,NOH,10,26,116,13,11,108,30,29,1,16,18
20800637,23/01/2009 00:00,SAS,NJN,6,18,94,6,17,91,29,28,1,26,17
20800642,24/01/2009 00:00,MEM,NJN,6,22,88,9,14,99,24,29,0,13,17
20800645,24/01/2009 00:00,POR,WAS,7,23,100,10,13,87,28,22,1,24,29
20800641,24/01/2009 00:00,MIA,ORL,5,24,103,9,22,97,32,24,1,14,21
20800644,24/01/2009 00:00,UTA,CLE,3,14,97,10,12,102,37,30,0,28,4
20800640,24/01/2009 00:00,PHI,NYK,6,26,116,15,17,110,36,24,1,22,19
20800643,24/01/2009 00:00,MIL,SAC,3,23,106,7,27,104,37,28,1,15,25
20800648,25/01/2009 00:00,ATL,PHX,5,24,99,5,27,104,30,31,0,0,23
20800649,25/01/2009 00:00,TOR,SAC,6,25,113,11,14,97,35,25,1,27,25
20800650,25/01/2009 00:00,DET,HOU,6,11,105,12,18,108,38,27,0,7,9
20800653,25/01/2009 00:00,DEN,UTA,8,25,117,3,26,97,34,31,1,6,28
20800646,25/01/2009 00:00,BOS,DAL,16,8,124,6,30,100,34,26,1,1,5
20800647,25/01/2009 00:00,LAL,SAS,7,28,99,5,14,85,25,28,1,12,26
20800654,25/01/2009 00:00,GSW,LAC,8,17,107,8,18,92,33,25,1,8,11
20800652,25/01/2009 00:00,MIN,CHI,5,22,109,5,19,108,36,37,1,16,3
20800651,25/01/2009 00:00,IND,CHA,5,19,98,7,18,93,32,27,1,10,2
20800659,26/01/2009 00:00,NOH,PHI,14,19,101,2,12,86,20,34,1,18,22
20800660,26/01/2009 00:00,OKC,NJN,4,30,94,4,13,85,26,30,1,20,17
20800661,26/01/2009 00:00,LAC,POR,8,20,88,8,25,113,22,32,0,11,24
20800656,26/01/2009 00:00,MIA,ATL,7,18,95,3,24,79,28,23,1,14,0
20800658,26/01/2009 00:00,MIL,MIN,1,14,83,8,22,90,33,22,0,15,16
20800655,26/01/2009 00:00,WAS,PHX,4,19,87,6,17,103,28,34,0,29,23
20800657,26/01/2009 00:00,NYK,HOU,6,24,104,10,18,98,31,25,1,19,9
20800665,27/01/2009 00:00,UTA,SAS,6,18,100,11,21,106,32,26,0,28,26
20800664,27/01/2009 00:00,MEM,DEN,4,21,85,9,27,100,26,23,0,13,6
20800663,27/01/2009 00:00,ORL,IND,15,30,135,9,14,111,30,35,1,21,10
20800662,27/01/2009 00:00,CLE,SAC,11,32,117,12,24,110,26,25,1,4,25
20800666,27/01/2009 00:00,LAL,CHA,7,17,110,9,18,117,36,36,0,12,2
20800672,28/01/2009 00:00,MIN,DET,2,13,89,3,23,98,35,33,0,16,7
20800668,28/01/2009 00:00,BOS,SAC,9,22,119,8,26,100,35,25,1,1,25
20800678,28/01/2009 00:00,LAC,CHI,6,15,75,1,20,95,21,36,0,11,3
20800670,28/01/2009 00:00,NJN,TOR,15,17,106,11,18,107,22,28,0,17,27
20800674,28/01/2009 00:00,OKC,MEM,8,18,114,8,20,102,36,29,1,20,13
20800671,28/01/2009 00:00,NYK,ATL,7,17,112,5,17,104,37,36,1,19,0
20800677,28/01/2009 00:00,POR,CHA,2,20,88,4,12,74,31,25,1,24,2
20800669,28/01/2009 00:00,MIA,WAS,10,19,93,2,9,71,22,28,1,14,29
20800676,28/01/2009 00:00,DAL,GSW,8,21,117,6,19,93,36,28,1,5,8
20800673,28/01/2009 00:00,NOH,DEN,7,19,94,4,11,81,27,29,1,18,6
20800667,28/01/2009 00:00,IND,MIL,5,20,107,3,32,99,36,29,1,10,15
20800675,28/01/2009 00:00,HOU,PHI,8,11,93,1,20,95,29,36,0,9,22
20800679,29/01/2009 00:00,ORL,CLE,11,16,99,7,13,88,25,27,1,21,4
20800680,29/01/2009 00:00,PHX,SAS,4,20,104,6,38,114,36,29,0,23,26
20800681,30/01/2009 00:00,DET,BOS,1,17,78,4,20,86,29,27,0,7,1
20800690,30/01/2009 00:00,NOH,GSW,5,26,87,4,19,91,23,30,0,18,8
20800691,30/01/2009 00:00,SAC,CHI,4,28,88,4,15,109,24,41,0,25,3
20800683,30/01/2009 00:00,PHI,WAS,9,11,104,2,22,94,33,33,1,22,29
20800684,30/01/2009 00:00,TOR,MIL,3,16,85,7,19,96,30,28,0,27,15
20800685,30/01/2009 00:00,ATL,NJN,7,26,105,7,21,88,29,23,1,0,17
20800682,30/01/2009 00:00,IND,MIA,15,25,114,10,15,103,22,29,1,10,14
20800688,30/01/2009 00:00,DEN,CHA,4,26,110,9,20,99,36,26,1,6,2
20800687,30/01/2009 00:00,MIN,LAL,4,33,119,10,26,132,37,38,0,16,12
20800686,30/01/2009 00:00,CLE,LAC,14,14,112,11,14,95,28,24,1,4,11
20800689,30/01/2009 00:00,UTA,OKC,7,15,110,2,20,90,37,32,1,28,20
20800694,31/01/2009 00:00,MIA,DAL,5,21,96,7,10,111,30,40,0,14,5
20800692,31/01/2009 00:00,IND,NYK,8,21,113,15,15,122,34,31,0,10,19
20800699,31/01/2009 00:00,SAS,NOH,9,13,106,6,7,93,33,34,1,26,18
20800693,31/01/2009 00:00,PHI,NJN,5,24,83,5,14,85,22,28,0,22,17
20800695,31/01/2009 00:00,MEM,LAL,6,14,98,4,23,115,33,40,0,13,12
20800701,31/01/2009 00:00,POR,UTA,10,26,122,5,29,108,33,32,1,24,28
20800700,31/01/2009 00:00,PHX,CHI,5,32,111,8,20,122,32,39,0,23,3
20800698,31/01/2009 00:00,MIL,ATL,7,27,110,11,22,107,31,26,1,15,0
20800697,31/01/2009 00:00,HOU,GSW,7,23,110,6,19,93,33,28,1,9,8
20800696,31/01/2009 00:00,WAS,LAC,6,24,106,11,15,94,32,23,1,29,11
20800703,01/02/2009 00:00,TOR,ORL,2,18,90,13,22,113,33,26,0,27,21
20800702,01/02/2009 00:00,BOS,MIN,5,24,109,5,20,101,35,33,1,1,16
20800705,01/02/2009 00:00,SAC,OKC,7,27,122,3,33,118,37,38,1,25,20
20800704,01/02/2009 00:00,DET,CLE,2,14,80,7,13,90,30,28,0,7,4
20800710,02/02/2009 00:00,NOH,POR,5,16,89,4,17,97,29,34,0,18,24
20800708,02/02/2009 00:00,MIA,LAC,9,20,119,6,19,95,36,29,1,14,11
20800709,02/02/2009 00:00,NYK,LAL,7,28,117,7,31,126,34,37,0,19,12
20800707,02/02/2009 00:00,WAS,MEM,6,17,97,7,26,113,31,33,0,29,13
20800706,02/02/2009 00:00,ORL,DAL,3,22,95,5,22,105,32,34,0,21,5
20800712,02/02/2009 00:00,UTA,CHA,5,26,105,6,12,86,32,28,1,28,2
20800711,02/02/2009 00:00,PHX,SAC,6,33,129,6,13,81,39,25,1,23,25
20800713,02/02/2009 00:00,GSW,SAS,5,12,105,3,25,110,39,38,0,8,26
20800715,03/02/2009 00:00,IND,MIN,11,20,111,11,21,116,29,31,0,10,16
20800714,03/02/2009 00:00,CLE,TOR,11,20,101,1,20,83,24,30,1,4,27
20800717,03/02/2009 00:00,NJN,MIL,10,21,99,7,24,85,24,20,1,17,15
20800716,03/02/2009 00:00,PHI,BOS,1,24,99,4,14,100,36,37,0,22,1
20800719,03/02/2009 00:00,DEN,SAS,5,31,104,9,9,96,29,30,1,6,26
20800718,03/02/2009 00:00,HOU,CHI,6,27,107,5,17,100,31,34,1,9,3
20800728,04/02/2009 00:00,OKC,DEN,6,23,113,6,14,114,36,41,0,20,6
20800729,04/02/2009 00:00,DAL,POR,5,13,104,8,17,99,38,29,1,5,24
20800723,04/02/2009 00:00,DET,MIA,8,15,93,7,19,90,27,25,1,7,14
20800722,04/02/2009 00:00,WAS,NJN,3,13,88,12,11,115,33,34,0,29,17
20800721,04/02/2009 00:00,TOR,LAL,6,17,107,7,18,115,36,38,0,27,12
20800727,04/02/2009 00:00,NOH,CHI,5,30,93,5,20,107,24,36,0,18,3
20800725,04/02/2009 00:00,MEM,HOU,8,16,104,8,19,93,32,25,1,13,9
20800720,04/02/2009 00:00,ORL,LAC,16,15,125,4,20,96,31,32,1,21,11
20800726,04/02/2009 00:00,MIN,ATL,8,14,86,3,25,94,24,30,0,16,0
20800724,04/02/2009 00:00,NYK,CLE,9,19,102,10,23,107,28,27,0,19,4
20800730,04/02/2009 00:00,GSW,PHX,13,17,124,7,23,112,34,34,1,8,23
20800733,05/02/2009 00:00,UTA,DAL,12,19,115,3,16,87,30,31,1,28,5
20800732,05/02/2009 00:00,BOS,LAL,8,17,109,9,17,110,34,33,0,1,12
20800731,05/02/2009 00:00,PHI,IND,5,26,99,13,15,94,29,20,1,22,10
20800739,06/02/2009 00:00,OKC,POR,2,20,102,6,15,93,38,30,1,20,24
20800741,06/02/2009 00:00,SAC,UTA,7,28,107,4,29,111,29,35,0,25,28
20800742,06/02/2009 00:00,PHX,GSW,2,23,115,4,23,105,43,35,1,23,8
20800735,06/02/2009 00:00,IND,ORL,9,28,107,11,21,102,26,24,1,10,21
20800736,06/02/2009 00:00,NYK,BOS,12,12,100,7,23,110,26,33,0,19,1
20800738,06/02/2009 00:00,NOH,TOR,15,14,101,7,15,92,21,28,1,18,27
20800734,06/02/2009 00:00,CHA,ATL,6,23,97,10,30,102,28,21,0,2,0
20800740,06/02/2009 00:00,WAS,DEN,8,25,103,7,19,124,27,42,0,29,6
20800737,06/02/2009 00:00,MEM,LAC,5,26,105,16,18,126,32,30,0,13,11
20800745,07/02/2009 00:00,NJN,DEN,8,32,114,4,14,70,29,22,1,17,6
20800747,07/02/2009 00:00,DAL,CHI,7,18,115,10,18,114,38,33,1,5,3
20800746,07/02/2009 00:00,MEM,TOR,5,13,78,5,19,70,25,18,1,13,27
20800749,07/02/2009 00:00,MIL,DET,6,33,121,10,26,126,35,35,0,15,7
20800748,07/02/2009 00:00,HOU,MIN,9,14,107,9,11,90,33,26,1,9,16
20800744,07/02/2009 00:00,PHI,MIA,4,30,94,3,13,84,26,31,1,22,14
20800743,07/02/2009 00:00,ATL,LAC,7,24,97,11,12,121,26,38,0,0,11
20800756,08/02/2009 00:00,NOH,MIN,3,32,101,8,15,97,30,29,1,18,16
20800758,08/02/2009 00:00,DET,PHX,6,19,97,4,21,107,30,37,0,7,23
20800754,08/02/2009 00:00,POR,NYK,9,14,109,14,12,108,34,27,1,24,19
20800751,08/02/2009 00:00,CLE,LAL,11,12,91,3,12,101,23,40,0,4,12
20800753,08/02/2009 00:00,ORL,NJN,6,25,101,5,11,84,29,29,1,21,17
20800750,08/02/2009 00:00,BOS,SAS,3,8,99,8,19,105,41,31,0,1,26
20800755,08/02/2009 00:00,WAS,IND,10,27,119,9,30,117,31,30,1,29,10
20800759,08/02/2009 00:00,GSW,UTA,6,28,116,5,25,96,35,28,1,8,28
20800752,08/02/2009 00:00,MIA,CHA,7,5,96,10,6,92,35,28,1,14,2
20800757,08/02/2009 00:00,OKC,SAC,4,22,116,12,13,113,41,32,1,20,25
20800762,09/02/2009 00:00,MEM,NOH,3,26,85,7,21,80,25,19,1,13,18
20800760,09/02/2009 00:00,CHA,LAC,6,10,94,3,10,73,33,27,1,2,11
20800761,09/02/2009 00:00,PHI,PHX,4,24,108,3,16,91,36,33,1,22,23
20800763,09/02/2009 00:00,MIL,HOU,10,20,124,12,38,112,37,19,1,15,9
20800768,10/02/2009 00:00,MIN,TOR,7,19,102,7,17,110,31,36,0,16,27
20800767,10/02/2009 00:00,NJN,SAS,4,7,93,8,18,108,37,33,0,17,26
20800769,10/02/2009 00:00,CHI,DET,5,28,107,4,16,102,32,37,1,3,7
20800771,10/02/2009 00:00,GSW,NYK,12,28,144,11,18,127,40,38,1,8,19
20800764,10/02/2009 00:00,ATL,WAS,10,11,111,2,22,90,35,31,1,0,29
20800770,10/02/2009 00:00,DAL,SAC,5,19,118,8,22,100,42,27,1,5,25
20800772,10/02/2009 00:00,LAL,OKC,5,10,105,7,21,98,40,28,1,12,20
20800765,10/02/2009 00:00,IND,CLE,11,11,96,6,21,95,26,28,1,10,4
20800766,10/02/2009 00:00,MIA,DEN,6,12,82,5,12,99,26,36,0,14,6
20800778,11/02/2009 00:00,DET,ATL,5,12,95,4,19,99,34,34,0,7,0
20800781,11/02/2009 00:00,HOU,SAC,9,17,94,3,15,82,25,29,1,9,25
20800774,11/02/2009 00:00,CLE,PHX,11,16,109,3,17,92,30,33,1,4,23
20800777,11/02/2009 00:00,TOR,SAS,6,15,91,5,12,89,29,31,1,27,26
20800775,11/02/2009 00:00,ORL,DEN,9,22,73,5,23,82,12,22,0,21,6
20800782,11/02/2009 00:00,UTA,LAL,6,25,113,5,20,109,35,37,1,28,12
20800780,11/02/2009 00:00,NOH,BOS,2,23,77,2,17,89,24,33,0,18,1
20800783,11/02/2009 00:00,POR,OKC,8,14,106,1,27,92,34,31,1,24,20
20800779,11/02/2009 00:00,MIL,IND,9,29,122,11,25,110,33,26,1,15,10
20800776,11/02/2009 00:00,PHI,MEM,2,15,91,6,13,87,35,28,1,22,13
20800773,11/02/2009 00:00,CHA,WAS,11,16,101,9,10,89,26,26,1,2,29
20800784,11/02/2009 00:00,LAC,NYK,15,13,128,8,18,124,35,41,1,11,19
20800787,12/02/2009 00:00,GSW,POR,4,39,105,6,14,98,27,33,1,8,24
20800785,12/02/2009 00:00,CHI,MIA,1,30,93,7,12,95,30,31,0,3,14
20800786,12/02/2009 00:00,DAL,BOS,7,21,92,3,26,99,25,32,0,5,1
20800795,17/02/2009 00:00,PHX,LAC,4,24,140,13,15,100,52,23,1,23,11
20800793,17/02/2009 00:00,OKC,NOH,6,20,98,8,14,100,30,31,0,20,18
20800791,17/02/2009 00:00,DET,MIL,4,14,86,6,22,92,30,26,0,7,15
20800790,17/02/2009 00:00,WAS,MIN,5,26,111,6,27,103,35,29,1,29,16
20800797,17/02/2009 00:00,LAL,ATL,7,5,96,2,19,83,35,29,1,12,0
20800796,17/02/2009 00:00,UTA,MEM,5,32,117,3,26,99,35,32,1,28,13
20800792,17/02/2009 00:00,NYK,SAS,9,13,112,8,19,107,36,32,1,19,26
20800788,17/02/2009 00:00,IND,PHI,5,13,100,2,19,91,36,33,1,10,22
20800789,17/02/2009 00:00,ORL,CHA,9,28,107,6,8,102,26,38,1,21,2
20800794,17/02/2009 00:00,HOU,NJN,15,19,114,9,15,88,25,23,1,9,17
20800800,18/02/2009 00:00,MIA,MIN,5,23,104,14,23,111,33,23,0,14,16
20800798,18/02/2009 00:00,CHA,IND,8,27,103,5,13,94,26,33,1,2,10
20800799,18/02/2009 00:00,TOR,CLE,4,10,76,2,11,93,27,38,0,27,4
20800806,18/02/2009 00:00,SAC,ATL,7,19,100,9,22,105,30,28,0,25,0
20800801,18/02/2009 00:00,MIL,CHI,7,27,104,7,34,113,28,29,0,15,3
20800807,18/02/2009 00:00,GSW,LAL,8,17,121,9,28,129,40,37,0,8,12
20800802,18/02/2009 00:00,NOH,ORL,8,17,117,13,20,85,38,13,1,18,21
20800805,18/02/2009 00:00,POR,MEM,7,15,94,4,12,90,29,33,1,24,13
20800804,18/02/2009 00:00,DAL,NJN,10,19,113,4,18,98,32,34,1,5,17
20800808,18/02/2009 00:00,LAC,PHX,11,24,119,10,20,142,31,46,0,11,23
20800803,18/02/2009 00:00,PHI,DEN,4,29,89,4,23,101,24,33,0,22,6
20800809,19/02/2009 00:00,DET,SAS,2,11,79,7,14,83,31,24,0,7,26
20800810,19/02/2009 00:00,UTA,BOS,2,24,90,4,19,85,30,27,1,28,1
20800820,20/02/2009 00:00,POR,ATL,8,12,108,7,17,98,36,30,1,24,0
20800813,20/02/2009 00:00,MEM,SAC,5,29,106,10,37,115,31,24,0,13,25
20800818,20/02/2009 00:00,MIL,CLE,8,21,103,13,22,111,29,25,0,15,4
20800821,20/02/2009 00:00,LAL,NOH,7,32,115,12,15,111,31,30,1,12,18
20800815,20/02/2009 00:00,NJN,WAS,7,23,96,2,25,107,26,38,0,17,29
20800816,20/02/2009 00:00,CHI,DEN,5,31,116,7,14,99,35,32,1,3,6
20800811,20/02/2009 00:00,CHA,ORL,5,15,80,11,19,92,25,20,0,2,21
20800812,20/02/2009 00:00,NYK,TOR,17,18,127,5,16,97,29,33,1,19,27
20800814,20/02/2009 00:00,MIN,IND,10,23,105,10,20,112,26,31,0,16,10
20800819,20/02/2009 00:00,PHX,OKC,12,22,140,12,18,118,41,32,1,23,20
20800817,20/02/2009 00:00,HOU,DAL,9,18,93,8,10,86,24,26,1,9,5
20800825,21/02/2009 00:00,UTA,NOH,8,14,102,6,18,88,32,26,1,28,18
20800823,21/02/2009 00:00,WAS,SAS,0,13,67,13,11,98,27,24,0,29,26
20800822,21/02/2009 00:00,MIA,PHI,4,17,97,4,21,91,34,29,1,14,22
20800826,21/02/2009 00:00,GSW,OKC,9,34,133,2,28,120,36,43,1,8,20
20800824,21/02/2009 00:00,DAL,SAC,5,23,116,7,16,95,39,29,1,5,25
20800833,22/02/2009 00:00,POR,LAC,10,10,116,8,21,87,38,21,1,24,11
20800828,22/02/2009 00:00,TOR,NYK,8,15,111,10,12,100,36,29,1,27,19
20800830,22/02/2009 00:00,HOU,CHA,13,14,99,4,20,78,23,23,1,9,2
20800835,22/02/2009 00:00,CLE,DET,10,19,99,5,9,78,25,27,1,4,7
20800829,22/02/2009 00:00,PHX,BOS,7,17,108,8,28,128,35,38,0,23,1
20800834,22/02/2009 00:00,MIN,LAL,10,14,108,5,20,111,32,38,0,16,12
20800831,22/02/2009 00:00,MIL,DEN,10,32,120,6,35,117,29,32,1,15,6
20800832,22/02/2009 00:00,ORL,MIA,17,23,122,6,19,99,24,31,1,21,14
20800827,22/02/2009 00:00,IND,CHI,8,18,98,6,17,91,28,28,1,10,3
20800837,23/02/2009 00:00,NYK,IND,9,30,123,8,25,119,33,35,1,19,10
20800836,23/02/2009 00:00,NJN,PHI,12,18,98,3,23,96,22,32,1,17,22
20800841,23/02/2009 00:00,LAC,GSW,13,15,118,6,21,105,32,33,1,11,8
20800838,23/02/2009 00:00,DEN,BOS,3,23,76,14,18,114,22,27,0,6,1
20800840,23/02/2009 00:00,SAC,NOH,9,22,105,9,23,112,28,31,0,25,18
20800839,23/02/2009 00:00,UTA,ATL,6,14,108,6,13,89,38,29,1,28,0
20800849,24/02/2009 00:00,PHX,CHA,9,23,112,8,18,102,31,30,1,23,2
20800846,24/02/2009 00:00,OKC,LAL,5,22,93,7,18,107,28,34,0,20,12
20800845,24/02/2009 00:00,CHI,ORL,4,20,120,9,13,102,44,31,1,3,21
20800843,24/02/2009 00:00,TOR,MIN,6,20,118,8,16,110,40,35,1,27,16
20800844,24/02/2009 00:00,MIA,DET,9,18,103,1,20,91,29,34,1,14,7
20800848,24/02/2009 00:00,SAS,DAL,6,13,93,3,19,76,31,24,1,26,5
20800842,24/02/2009 00:00,CLE,MEM,8,24,94,5,6,79,23,29,1,4,13
20800847,24/02/2009 00:00,HOU,POR,7,19,98,5,15,94,29,32,1,9,24
20800850,25/02/2009 00:00,IND,MEM,11,17,104,3,18,99,27,36,1,10,13
20800858,25/02/2009 00:00,DEN,ATL,10,22,110,5,24,109,29,35,1,6,0
20800856,25/02/2009 00:00,DAL,MIL,8,30,116,7,15,96,31,30,1,5,15
20800852,25/02/2009 00:00,NJN,CHI,8,25,111,7,22,99,31,28,1,17,3
20800860,25/02/2009 00:00,LAC,BOS,5,14,93,7,22,91,32,24,1,11,1
20800854,25/02/2009 00:00,MIN,UTA,3,24,103,5,33,120,35,36,0,16,28
20800855,25/02/2009 00:00,NOH,DET,4,18,90,7,10,87,30,28,1,18,7
20800851,25/02/2009 00:00,WAS,PHI,6,16,98,6,22,106,32,33,0,29,22
20800859,25/02/2009 00:00,SAC,CHA,6,23,91,9,17,98,25,27,0,25,2
20800857,25/02/2009 00:00,SAS,POR,9,6,99,5,15,84,33,27,1,26,24
20800853,25/02/2009 00:00,NYK,ORL,13,14,109,7,29,114,28,32,0,19,21
20800861,26/02/2009 00:00,HOU,CLE,8,15,93,6,14,74,27,21,1,9,4
20800862,26/02/2009 00:00,LAL,PHX,9,15,132,8,20,106,45,31,1,12,23
20800863,27/02/2009 00:00,NOH,MIL,4,11,95,11,15,94,36,23,1,18,15
20800867,27/02/2009 00:00,BOS,IND,10,16,104,7,16,99,29,31,1,1,10
20800865,27/02/2009 00:00,WAS,CHI,5,22,113,5,25,90,38,25,1,29,3
20800866,27/02/2009 00:00,ATL,MIA,3,20,91,5,8,83,31,30,1,0,14
20800873,27/02/2009 00:00,SAS,CLE,4,16,86,7,18,97,29,29,0,26,4
20800868,27/02/2009 00:00,NYK,PHI,10,21,103,3,39,108,26,30,0,19,22
20800871,27/02/2009 00:00,DEN,LAL,3,27,90,2,21,79,27,26,1,6,12
20800875,27/02/2009 00:00,GSW,CHA,8,21,109,9,23,112,32,31,0,8,2
20800864,27/02/2009 00:00,ORL,DET,4,15,85,2,19,93,29,34,0,21,7
20800872,27/02/2009 00:00,PHX,TOR,3,20,133,6,25,113,52,35,1,23,27
20800869,27/02/2009 00:00,MIN,POR,5,19,82,8,18,102,24,30,0,16,24
20800870,27/02/2009 00:00,DAL,OKC,4,22,110,7,23,108,38,32,1,5,20
20800874,27/02/2009 00:00,SAC,LAC,11,11,98,8,10,86,27,26,1,25,11
20800877,28/02/2009 00:00,MIA,NYK,7,17,120,16,23,115,41,22,1,14,19
20800878,28/02/2009 00:00,MEM,OKC,3,19,92,4,29,99,32,29,0,13,20
20800879,28/02/2009 00:00,CHI,HOU,4,13,105,10,14,102,40,29,1,3,9
20800882,28/02/2009 00:00,LAC,CHA,7,12,95,10,10,100,31,30,0,11,2
20800881,28/02/2009 00:00,UTA,SAC,7,15,102,8,11,89,33,27,1,28,25
20800880,28/02/2009 00:00,MIL,WAS,11,16,109,2,23,93,30,32,1,15,29
20800876,28/02/2009 00:00,PHI,ORL,5,19,100,15,17,106,33,22,0,22,21
20800884,01/03/2009 00:00,PHX,LAL,6,26,118,8,19,111,37,34,1,23,12
20800890,01/03/2009 00:00,DAL,TOR,7,20,109,3,27,98,34,31,1,5,27
20800885,01/03/2009 00:00,ATL,CLE,3,22,87,6,16,88,28,27,0,0,4
20800891,01/03/2009 00:00,GSW,UTA,8,18,104,4,22,112,31,39,0,8,28
20800889,01/03/2009 00:00,POR,SAS,7,23,102,8,8,84,29,26,1,24,26
20800888,01/03/2009 00:00,MIN,HOU,9,5,94,6,19,105,31,34,0,16,9
20800887,01/03/2009 00:00,IND,DEN,10,16,100,4,22,94,27,30,1,10,6
20800886,01/03/2009 00:00,NJN,NOH,7,15,96,8,27,99,30,24,0,17,18
20800883,01/03/2009 00:00,BOS,DET,2,23,95,7,34,105,33,25,0,1,7
20800894,02/03/2009 00:00,MIA,CLE,5,17,100,11,22,107,34,26,0,14,4
20800895,02/03/2009 00:00,OKC,DAL,5,15,96,7,12,87,33,27,1,20,5
20800893,02/03/2009 00:00,WAS,ATL,2,13,89,6,18,98,35,31,0,29,0
20800892,02/03/2009 00:00,PHI,NOH,4,15,91,10,18,98,32,25,0,22,18
20800896,02/03/2009 00:00,LAC,SAS,4,18,78,7,13,106,24,36,0,11,26
20800898,03/03/2009 00:00,ORL,PHX,7,30,111,7,12,99,30,33,1,21,23
20800899,03/03/2009 00:00,DET,DEN,4,28,100,7,14,95,30,30,1,7,6
20800902,03/03/2009 00:00,HOU,TOR,7,14,107,7,8,97,36,34,1,9,27
20800900,03/03/2009 00:00,MIL,NJN,6,19,95,9,24,99,29,24,0,15,17
20800903,03/03/2009 00:00,SAC,IND,7,30,109,11,20,117,29,32,0,25,10
20800901,03/03/2009 00:00,MIN,GSW,6,22,94,10,34,118,27,27,0,16,8
20800897,03/03/2009 00:00,CHA,CHI,4,18,96,3,17,80,33,27,1,2,3
20800904,03/03/2009 00:00,LAL,MEM,4,15,99,7,18,89,36,25,1,12,13
20800906,04/03/2009 00:00,MIA,PHX,13,26,135,14,19,129,35,34,1,14,23
20800912,04/03/2009 00:00,UTA,HOU,4,17,101,8,24,94,36,23,1,28,9
20800914,04/03/2009 00:00,LAC,MEM,6,19,95,7,19,118,29,39,0,11,13
20800905,04/03/2009 00:00,CLE,MIL,9,20,91,4,13,73,22,24,1,4,15
20800907,04/03/2009 00:00,NJN,BOS,13,22,111,8,25,115,25,33,0,17,1
20800908,04/03/2009 00:00,NYK,ATL,9,20,109,6,13,105,31,37,1,19,0
20800909,04/03/2009 00:00,OKC,WAS,3,11,88,3,20,83,34,27,1,20,29
20800911,04/03/2009 00:00,DAL,SAS,9,24,107,7,17,102,28,32,1,5,26
20800910,04/03/2009 00:00,CHI,GSW,5,27,110,5,11,88,34,31,1,3,8
20800913,04/03/2009 00:00,POR,IND,4,27,107,7,12,105,34,36,1,24,10
20800915,05/03/2009 00:00,NOH,DAL,6,14,104,5,23,88,36,25,1,18,5
20800916,05/03/2009 00:00,DEN,POR,6,14,106,6,16,90,37,28,1,6,24
20800925,06/03/2009 00:00,LAL,MIN,8,20,110,6,26,90,33,23,1,12,16
20800924,06/03/2009 00:00,SAS,WAS,7,15,100,1,17,78,32,29,1,26,29
20800918,06/03/2009 00:00,ORL,NJN,9,26,105,9,17,102,26,29,1,21,17
20800920,06/03/2009 00:00,BOS,CLE,6,9,105,7,27,94,39,23,1,1,4
20800921,06/03/2009 00:00,DET,GSW,3,19,108,3,22,91,40,30,1,7,8
20800926,06/03/2009 00:00,UTA,DEN,5,28,97,6,25,91,27,24,1,28,6
20800919,06/03/2009 00:00,TOR,MIA,4,14,102,10,16,108,38,31,0,27,14
20800922,06/03/2009 00:00,CHI,MIL,6,37,117,1,17,102,31,41,1,3,15
20800923,06/03/2009 00:00,HOU,PHX,6,28,116,12,10,112,35,33,1,9,23
20800917,06/03/2009 00:00,CHA,ATL,6,10,98,7,8,91,35,31,1,2,0
20800929,07/03/2009 00:00,NYK,CHA,11,26,105,11,21,114,23,30,0,19,2
20800927,07/03/2009 00:00,ATL,DET,3,18,87,5,14,83,30,27,1,0,7
20800933,07/03/2009 00:00,MIL,GSW,9,28,127,8,30,120,36,33,1,15,8
20800932,07/03/2009 00:00,DAL,WAS,8,25,119,8,17,103,35,31,1,5,29
20800931,07/03/2009 00:00,NOH,OKC,6,18,108,5,19,90,36,28,1,18,20
20800935,07/03/2009 00:00,LAC,IND,7,18,105,8,16,106,33,33,0,11,10
20800934,07/03/2009 00:00,POR,MIN,5,20,95,5,16,93,30,31,1,24,16
20800928,07/03/2009 00:00,CLE,MIA,10,19,99,3,14,89,25,33,1,4,14
20800930,07/03/2009 00:00,MEM,PHI,3,14,105,3,19,110,41,41,0,13,22
20800937,08/03/2009 00:00,TOR,UTA,4,21,101,4,21,109,34,38,0,27,28
20800942,08/03/2009 00:00,SAC,DEN,14,22,114,4,30,106,25,32,1,25,6
20800936,08/03/2009 00:00,BOS,ORL,2,17,79,8,12,86,28,25,0,1,21
20800939,08/03/2009 00:00,NJN,NYK,8,18,106,11,10,101,32,29,1,17,19
20800938,08/03/2009 00:00,SAS,PHX,8,19,103,8,10,98,30,32,1,26,23
20800941,08/03/2009 00:00,OKC,PHI,2,17,89,3,15,74,33,25,1,20,22
20800940,08/03/2009 00:00,HOU,MEM,4,17,93,3,16,83,32,29,1,9,13
20800943,09/03/2009 00:00,ATL,NOH,10,17,89,3,12,79,21,29,1,0,18
20800945,09/03/2009 00:00,MIA,CHI,12,32,130,11,30,127,31,32,1,14,3
20800947,09/03/2009 00:00,DEN,HOU,8,23,95,9,20,97,24,25,0,6,9
20800944,09/03/2009 00:00,DET,ORL,3,15,98,7,29,94,37,22,1,7,21
20800948,09/03/2009 00:00,POR,LAL,11,20,111,8,14,94,29,28,1,24,12
20800946,09/03/2009 00:00,MIN,WAS,7,18,99,2,26,110,30,39,0,16,29
20800951,10/03/2009 00:00,SAS,CHA,11,9,100,7,19,86,29,23,1,26,2
20800950,10/03/2009 00:00,MIL,NYK,7,25,112,9,37,120,33,28,0,15,19
20800953,10/03/2009 00:00,SAC,OKC,7,11,98,3,22,99,33,34,0,25,20
20800949,10/03/2009 00:00,IND,UTA,10,20,100,4,28,112,25,36,0,10,28
20800952,10/03/2009 00:00,PHX,DAL,6,15,117,10,18,122,42,37,0,23,5
20800954,10/03/2009 00:00,LAC,CLE,3,20,83,3,20,87,27,29,0,11,4
20800958,11/03/2009 00:00,WAS,NOH,6,16,98,10,19,109,32,30,0,29,18
20800956,11/03/2009 00:00,ORL,CHI,9,18,107,6,19,79,31,21,1,21,3
20800957,11/03/2009 00:00,PHI,TOR,5,22,115,9,11,106,39,34,1,22,27
20800964,11/03/2009 00:00,POR,DAL,8,17,89,4,15,93,24,33,0,24,5
20800960,11/03/2009 00:00,MIA,BOS,9,18,107,8,25,99,31,25,1,14,1
20800962,11/03/2009 00:00,HOU,LAL,5,13,96,2,14,102,34,41,0,9,12
20800959,11/03/2009 00:00,DET,NYK,1,20,111,10,20,116,44,33,0,7,19
20800961,11/03/2009 00:00,MIN,MEM,10,18,104,3,12,79,28,29,1,16,13
20800963,11/03/2009 00:00,DEN,OKC,5,23,112,3,30,99,37,30,1,6,20
20800955,11/03/2009 00:00,ATL,UTA,5,21,100,4,11,93,32,35,1,0,28
20800965,11/03/2009 00:00,GSW,NJN,5,39,116,9,23,112,31,31,1,8,17
20800967,12/03/2009 00:00,PHX,CLE,4,15,111,17,22,119,42,23,0,23,4
20800966,12/03/2009 00:00,SAS,LAL,11,8,95,4,12,102,27,39,0,26,12
20800974,13/03/2009 00:00,MIN,NYK,6,20,94,6,28,102,28,28,0,16,19
20800973,13/03/2009 00:00,BOS,MEM,7,19,102,7,19,92,31,26,1,1,13
20800972,13/03/2009 00:00,ATL,IND,7,10,101,3,10,87,35,34,1,0,10
20800968,13/03/2009 00:00,CHA,HOU,5,13,86,7,12,91,29,29,0,2,9
20800969,13/03/2009 00:00,PHI,CHI,1,11,104,9,12,101,45,31,1,22,3
20800977,13/03/2009 00:00,SAC,CLE,14,25,123,10,30,126,28,33,0,25,4
20800970,13/03/2009 00:00,TOR,DET,2,15,95,6,9,99,37,36,0,27,7
20800975,13/03/2009 00:00,MIL,NOH,10,6,86,5,22,95,25,29,0,15,18
20800976,13/03/2009 00:00,POR,NJN,6,39,109,8,20,100,26,28,1,24,17
20800978,13/03/2009 00:00,GSW,DAL,5,24,119,9,13,110,40,35,1,8,5
20800971,13/03/2009 00:00,WAS,ORL,6,19,103,12,18,112,33,29,0,29,21
20800984,14/03/2009 00:00,PHX,OKC,8,20,106,3,18,95,31,34,1,23,20
20800982,14/03/2009 00:00,HOU,SAS,7,12,85,6,14,88,26,28,0,9,26
20800980,14/03/2009 00:00,MIN,CHA,10,12,108,6,18,100,33,32,1,16,2
20800983,14/03/2009 00:00,DEN,LAC,4,31,107,9,25,94,32,21,1,6,11
20800981,14/03/2009 00:00,CHI,NOH,10,7,97,0,9,79,30,35,1,3,18
20800979,14/03/2009 00:00,MIA,UTA,9,35,140,9,22,129,39,40,1,14,28
20800994,15/03/2009 00:00,GSW,PHX,7,35,130,8,28,154,37,51,0,8,23
20800995,15/03/2009 00:00,LAC,NJN,9,18,107,10,19,105,31,28,1,11,17
20800991,15/03/2009 00:00,LAL,DAL,8,15,107,13,21,100,34,20,1,12,5
20800986,15/03/2009 00:00,CLE,NYK,6,12,98,11,12,93,34,24,1,4,19
20800985,15/03/2009 00:00,ATL,POR,5,9,98,2,14,80,37,30,1,0,24
20800993,15/03/2009 00:00,WAS,SAC,7,25,106,8,22,104,30,29,1,29,25
20800989,15/03/2009 00:00,PHI,MIA,5,14,85,5,16,77,28,23,1,22,14
20800990,15/03/2009 00:00,TOR,IND,4,28,110,9,14,87,35,23,1,27,10
20800992,15/03/2009 00:00,ORL,UTA,11,14,105,1,22,87,29,31,1,21,28
20800987,15/03/2009 00:00,DET,MEM,2,6,84,6,17,89,36,27,0,7,13
20800988,15/03/2009 00:00,MIL,BOS,4,24,86,1,24,77,25,25,1,15,1
20800997,16/03/2009 00:00,MEM,POR,6,14,92,9,18,103,30,29,0,13,24
20800999,16/03/2009 00:00,OKC,SAS,3,17,78,3,7,76,26,30,1,20,26
20801000,16/03/2009 00:00,DEN,NJN,9,22,121,10,12,96,36,27,1,6,17
20800996,16/03/2009 00:00,CHA,TOR,6,18,112,3,29,86,38,24,1,2,27
20800998,16/03/2009 00:00,NOH,HOU,3,19,84,4,27,95,28,28,0,18,9
20801006,17/03/2009 00:00,UTA,WAS,2,19,103,3,23,88,39,28,1,28,29
20801004,17/03/2009 00:00,DAL,DET,6,21,103,5,18,101,32,34,1,5,7
20801002,17/03/2009 00:00,CLE,ORL,7,12,97,10,11,93,32,26,1,4,21
20801001,17/03/2009 00:00,ATL,SAC,8,15,119,7,28,97,40,24,1,0,25
20801008,17/03/2009 00:00,LAL,PHI,7,12,93,5,13,94,30,33,0,12,22
20801003,17/03/2009 00:00,CHI,BOS,6,33,127,11,24,121,38,32,1,3,1
20801005,17/03/2009 00:00,SAS,MIN,5,20,93,5,13,86,29,29,1,26,16
20801007,17/03/2009 00:00,GSW,LAC,7,30,127,8,32,120,38,32,1,8,11
20801010,18/03/2009 00:00,CHA,SAC,9,29,104,9,11,88,24,25,1,2,25
20801009,18/03/2009 00:00,BOS,MIA,6,16,112,8,12,108,39,36,1,1,14
20801014,18/03/2009 00:00,MIL,ORL,3,19,80,11,23,106,26,25,0,15,21
20801011,18/03/2009 00:00,IND,POR,6,11,85,8,13,95,28,29,0,10,24
20801012,18/03/2009 00:00,NYK,NJN,2,11,89,8,7,115,36,42,0,19,17
20801013,18/03/2009 00:00,MEM,DEN,7,20,109,9,28,111,34,28,0,13,6
20801017,18/03/2009 00:00,HOU,DET,3,17,106,6,19,101,40,32,1,9,7
20801019,18/03/2009 00:00,LAC,WAS,15,14,123,2,14,108,32,44,1,11,29
20801018,18/03/2009 00:00,PHX,PHI,6,14,126,8,18,116,47,37,1,23,22
20801015,18/03/2009 00:00,NOH,MIN,4,18,94,8,23,93,32,23,1,18,16
20801016,18/03/2009 00:00,OKC,CHI,2,16,96,3,16,103,37,39,0,20,3
20801020,19/03/2009 00:00,ATL,DAL,6,19,95,6,9,87,29,30,1,0,5
20801022,19/03/2009 00:00,LAL,GSW,8,16,114,5,15,106,37,38,1,12,8
20801021,19/03/2009 00:00,CLE,POR,4,19,97,5,23,92,33,27,1,4,24
20801032,20/03/2009 00:00,DEN,WAS,4,24,116,4,27,105,40,33,1,6,29
20801028,20/03/2009 00:00,NOH,MEM,2,18,96,2,26,84,36,26,1,18,13
20801027,20/03/2009 00:00,DET,LAC,5,15,108,5,15,90,39,30,1,7,11
20801030,20/03/2009 00:00,HOU,MIN,11,14,107,6,14,88,30,28,1,9,16
20801033,20/03/2009 00:00,GSW,PHI,9,14,119,4,31,111,39,34,1,8,22
20801029,20/03/2009 00:00,OKC,UTA,5,11,94,1,18,101,34,40,0,20,28
20801031,20/03/2009 00:00,SAS,BOS,4,9,77,3,9,80,28,31,0,26,1
20801025,20/03/2009 00:00,NJN,MIA,9,21,96,4,16,88,24,30,1,17,14
20801026,20/03/2009 00:00,NYK,SAC,6,18,94,5,22,121,29,42,0,19,25
20801024,20/03/2009 00:00,TOR,CHA,5,24,89,7,11,102,25,35,0,27,2
20801023,20/03/2009 00:00,IND,DAL,12,12,92,5,19,94,22,30,0,10,5
20801040,21/03/2009 00:00,PHX,WAS,11,15,128,2,18,96,40,36,1,23,29
20801037,21/03/2009 00:00,MEM,BOS,5,16,87,7,16,105,28,34,0,13,1
20801039,21/03/2009 00:00,MIL,POR,5,19,84,11,17,96,25,23,0,15,24
20801035,21/03/2009 00:00,CHA,IND,3,12,83,9,17,108,31,32,0,2,10
20801038,21/03/2009 00:00,CHI,LAL,6,25,109,11,16,117,33,34,0,3,12
20801034,21/03/2009 00:00,CLE,ATL,6,20,102,9,21,96,32,24,1,4,0
20801036,21/03/2009 00:00,ORL,NYK,13,21,110,8,23,103,25,28,1,21,19
20801043,22/03/2009 00:00,MIN,OKC,7,15,90,4,19,97,27,33,0,16,20
20801046,22/03/2009 00:00,NOH,GSW,4,17,99,4,21,89,35,28,1,18,8
20801042,22/03/2009 00:00,SAS,HOU,4,13,85,5,14,87,30,29,0,26,9
20801041,22/03/2009 00:00,DET,MIA,2,24,96,5,26,101,33,30,0,7,14
20801044,22/03/2009 00:00,TOR,LAC,3,9,100,4,14,76,41,25,1,27,11
20801045,22/03/2009 00:00,NJN,CLE,3,21,88,4,20,96,29,32,0,17,4
20801047,22/03/2009 00:00,SAC,PHI,9,21,100,7,19,112,26,36,0,25,22
20801048,23/03/2009 00:00,ATL,MIN,9,8,109,11,20,97,37,22,1,0,16
20801049,23/03/2009 00:00,WAS,CHI,9,18,99,5,20,101,27,33,0,29,3
20801052,23/03/2009 00:00,NYK,ORL,9,21,102,7,33,106,27,26,0,19,21
20801053,23/03/2009 00:00,PHX,DEN,6,34,118,10,29,115,33,28,1,23,6
20801051,23/03/2009 00:00,MIA,MEM,6,12,94,2,20,82,32,28,1,14,13
20801054,23/03/2009 00:00,POR,PHI,10,16,108,3,35,114,31,35,0,24,22
20801050,23/03/2009 00:00,BOS,LAC,7,13,90,5,10,77,28,26,1,1,11
20801056,24/03/2009 00:00,OKC,LAL,3,18,89,5,16,107,31,38,0,20,12
20801057,24/03/2009 00:00,SAS,GSW,6,19,107,5,17,106,35,37,1,26,8
20801055,24/03/2009 00:00,CHI,DET,5,20,99,2,9,91,32,38,1,3,7
20801058,24/03/2009 00:00,UTA,HOU,4,19,99,10,12,86,34,22,1,28,9
20801060,25/03/2009 00:00,CLE,NJN,9,23,98,10,13,87,24,22,1,4,17
20801062,25/03/2009 00:00,PHI,MIN,4,34,96,12,20,88,25,16,1,22,16
20801066,25/03/2009 00:00,NOH,DEN,5,25,88,8,23,101,24,27,0,18,6
20801063,25/03/2009 00:00,TOR,MIL,12,35,115,13,7,106,22,30,1,27,15
20801064,25/03/2009 00:00,WAS,CHA,6,11,95,4,19,93,33,31,1,29,2
20801061,25/03/2009 00:00,IND,MIA,5,15,90,3,23,88,30,28,1,10,14
20801068,25/03/2009 00:00,DAL,GSW,4,28,128,7,23,106,44,31,1,5,8
20801069,25/03/2009 00:00,PHX,UTA,6,22,118,12,16,114,39,31,1,23,28
20801065,25/03/2009 00:00,NYK,LAC,12,21,135,10,18,140,39,46,0,19,11
20801067,25/03/2009 00:00,ORL,BOS,10,14,84,4,12,82,20,29,1,21,1
20801059,25/03/2009 00:00,ATL,SAS,7,13,92,5,15,102,29,36,0,0,26
20801071,26/03/2009 00:00,CHI,MIA,8,16,106,3,16,87,33,31,1,3,14
20801070,26/03/2009 00:00,DET,LAL,3,14,77,6,16,92,27,29,0,7,12
20801072,26/03/2009 00:00,POR,PHX,9,20,129,6,9,109,41,41,1,24,23
20801073,27/03/2009 00:00,ORL,MIL,9,19,110,6,16,94,32,30,1,21,15
20801082,27/03/2009 00:00,SAC,MEM,5,28,95,8,27,113,26,31,0,25,13
20801075,27/03/2009 00:00,TOR,OKC,8,8,112,3,23,96,40,32,1,27,20
20801077,27/03/2009 00:00,CLE,MIN,11,18,107,9,12,85,28,23,1,4,16
20801074,27/03/2009 00:00,PHI,CHA,4,27,95,6,20,100,28,31,0,22,2
20801080,27/03/2009 00:00,DAL,DEN,9,30,101,7,12,103,22,35,0,5,6
20801076,27/03/2009 00:00,ATL,BOS,7,16,93,9,16,99,28,28,0,0,1
20801078,27/03/2009 00:00,NJN,LAL,9,8,95,7,14,103,30,34,0,17,12
20801081,27/03/2009 00:00,SAS,LAC,10,9,111,8,10,98,36,32,1,26,11
20801079,27/03/2009 00:00,NYK,NOH,12,15,103,6,13,93,26,31,1,19,18
20801085,28/03/2009 00:00,WAS,DET,5,21,96,10,14,98,30,27,0,29,7
20801083,28/03/2009 00:00,CHI,IND,7,17,112,7,11,106,37,37,1,3,10
20801090,28/03/2009 00:00,POR,MEM,4,18,86,0,10,66,28,28,1,24,13
20801088,28/03/2009 00:00,DEN,GSW,10,21,129,14,18,116,39,28,1,6,8
20801089,28/03/2009 00:00,UTA,PHX,5,27,104,7,14,99,31,32,1,28,23
20801084,28/03/2009 00:00,CHA,NYK,4,16,96,10,11,85,34,22,1,2,19
20801087,28/03/2009 00:00,HOU,LAC,9,15,110,4,15,93,34,33,1,9,11
20801086,28/03/2009 00:00,MIA,MIL,9,17,102,2,21,85,29,29,1,14,15
20801095,29/03/2009 00:00,DET,PHI,4,21,101,3,20,97,34,34,1,7,22
20801091,29/03/2009 00:00,CLE,DAL,7,15,102,5,11,74,33,24,1,4,5
20801096,29/03/2009 00:00,BOS,OKC,8,17,103,1,23,84,31,29,1,1,20
20801093,29/03/2009 00:00,MIN,NJN,10,24,108,7,22,99,27,28,1,16,17
20801094,29/03/2009 00:00,TOR,CHI,6,28,134,6,19,129,44,46,1,27,3
20801098,29/03/2009 00:00,NOH,SAS,4,32,90,7,17,86,23,24,1,18,26
20801099,29/03/2009 00:00,SAC,PHX,7,21,126,10,16,118,42,36,1,25,23
20801097,29/03/2009 00:00,IND,WAS,9,17,124,7,36,115,40,29,1,10,29
20801092,29/03/2009 00:00,ATL,LAL,10,10,86,4,16,76,23,24,1,0,12
20801101,30/03/2009 00:00,NJN,MIL,3,23,78,10,19,107,23,29,0,17,15
20801103,30/03/2009 00:00,GSW,MEM,9,20,109,5,29,114,31,35,0,8,13
20801102,30/03/2009 00:00,UTA,NYK,5,23,112,7,25,104,37,29,1,28,19
20801100,30/03/2009 00:00,MIA,ORL,4,13,95,10,21,101,35,25,0,14,21
20801109,31/03/2009 00:00,SAS,OKC,8,11,95,5,17,96,30,32,0,26,20
20801110,31/03/2009 00:00,DEN,NYK,9,10,111,6,22,104,37,32,1,6,19
20801105,31/03/2009 00:00,CLE,DET,3,12,79,4,11,73,29,25,1,4,7
20801107,31/03/2009 00:00,PHI,ATL,2,22,98,6,21,85,35,23,1,22,0
20801106,31/03/2009 00:00,IND,CHI,6,17,107,3,18,105,36,39,1,10,3
20801108,31/03/2009 00:00,MIN,DAL,4,18,88,8,8,108,29,38,0,16,5
20801112,31/03/2009 00:00,SAC,NOH,14,22,110,5,18,111,23,39,0,25,18
20801104,31/03/2009 00:00,CHA,LAL,7,17,94,4,4,84,28,34,1,2,12
20801111,31/03/2009 00:00,POR,UTA,10,21,125,5,25,104,37,32,1,24,28
20801119,01/04/2009 00:00,PHX,HOU,6,20,114,12,11,109,38,31,1,23,9
20801120,01/04/2009 00:00,GSW,SAC,3,32,143,12,43,141,51,31,1,8,25
20801118,01/04/2009 00:00,DAL,MIA,9,23,98,7,25,96,24,25,1,5,14
20801113,01/04/2009 00:00,ORL,TOR,7,26,95,4,13,99,24,37,0,21,27
20801121,01/04/2009 00:00,LAC,NOH,11,11,98,3,15,104,27,40,0,11,18
20801117,01/04/2009 00:00,MIL,LAL,7,7,98,5,31,104,35,29,0,15,12
20801116,01/04/2009 00:00,MEM,WAS,8,28,112,5,22,107,30,35,1,13,29
20801114,01/04/2009 00:00,BOS,CHA,11,18,111,10,5,109,30,37,1,1,2
20801115,01/04/2009 00:00,NJN,DET,8,23,111,6,18,98,32,31,1,17,7
20801123,02/04/2009 00:00,WAS,CLE,1,26,109,11,12,101,40,28,1,29,4
20801122,02/04/2009 00:00,PHI,MIL,3,32,105,4,21,95,32,31,1,22,15
20801124,02/04/2009 00:00,DEN,UTA,9,35,114,6,30,104,26,28,1,6,28
20801125,03/04/2009 00:00,CHA,MIA,6,8,92,8,15,97,33,29,0,2,14
20801127,03/04/2009 00:00,BOS,ATL,6,18,104,6,24,92,34,25,1,1,0
20801134,03/04/2009 00:00,LAL,HOU,7,18,93,5,14,81,27,26,1,12,9
20801130,03/04/2009 00:00,ORL,CLE,13,15,116,9,16,87,31,22,1,21,4
20801131,03/04/2009 00:00,UTA,MIN,5,25,102,11,12,103,31,29,0,28,16
20801132,03/04/2009 00:00,PHX,SAC,14,21,139,10,25,111,38,28,1,23,25
20801129,03/04/2009 00:00,OKC,POR,2,16,72,7,14,107,25,36,0,20,24
20801128,03/04/2009 00:00,MEM,DAL,8,15,107,7,19,102,34,31,1,13,5
20801126,03/04/2009 00:00,IND,SAS,9,14,121,9,27,126,40,36,0,10,26
20801133,03/04/2009 00:00,GSW,NOH,10,29,111,6,17,103,26,34,1,8,18
20801137,04/04/2009 00:00,PHI,DET,2,21,95,8,22,90,34,22,1,22,7
20801139,04/04/2009 00:00,WAS,MIA,5,23,104,14,18,118,33,29,0,29,14
20801136,04/04/2009 00:00,CHI,NJN,7,32,103,6,22,94,25,27,1,3,17
20801138,04/04/2009 00:00,ATL,ORL,3,19,82,9,19,88,27,21,0,0,21
20801141,04/04/2009 00:00,DEN,LAC,11,23,120,9,17,104,32,30,1,6,11
20801135,04/04/2009 00:00,NYK,TOR,4,17,95,9,17,102,33,29,0,19,27
20801140,04/04/2009 00:00,MIL,MEM,11,15,102,11,28,107,27,23,0,15,13
20801143,05/04/2009 00:00,DAL,PHX,15,23,140,6,30,116,36,34,1,5,23
20801150,05/04/2009 00:00,NJN,PHI,11,13,96,4,9,67,25,23,1,17,22
20801151,05/04/2009 00:00,SAC,GSW,7,21,100,9,28,105,29,25,0,25,8
20801142,05/04/2009 00:00,CLE,SAS,8,15,101,4,15,81,31,27,1,4,26
20801152,05/04/2009 00:00,LAL,LAC,5,17,88,5,20,85,28,25,1,12,11
20801148,05/04/2009 00:00,NOH,UTA,5,13,94,3,15,108,33,42,0,18,28
20801144,05/04/2009 00:00,DET,CHA,6,22,104,6,25,97,32,27,1,7,2
20801146,05/04/2009 00:00,HOU,POR,6,22,102,6,16,88,31,27,1,9,24
20801147,05/04/2009 00:00,MIN,DEN,6,9,87,10,20,110,30,30,0,16,6
20801149,05/04/2009 00:00,OKC,IND,1,18,99,8,21,117,39,36,0,20,10
20801145,05/04/2009 00:00,TOR,NYK,4,13,103,13,9,112,39,32,0,27,19
20801155,07/04/2009 00:00,MIA,NOH,7,18,87,6,13,93,24,31,0,14,18
20801157,07/04/2009 00:00,OKC,SAS,6,15,89,6,15,99,28,33,0,20,26
20801161,07/04/2009 00:00,LAC,MIN,9,10,77,4,7,87,20,34,0,11,16
20801158,07/04/2009 00:00,CHI,NYK,7,25,110,13,8,103,32,28,1,3,19
20801153,07/04/2009 00:00,CHA,PHI,8,25,101,7,21,98,26,28,1,2,22
20801159,07/04/2009 00:00,HOU,ORL,6,15,93,10,13,83,30,20,1,9,21
20801156,07/04/2009 00:00,MEM,POR,9,12,93,6,20,96,27,29,0,13,24
20801154,07/04/2009 00:00,TOR,ATL,6,18,110,11,23,118,37,31,0,27,0
20801160,07/04/2009 00:00,SAC,LAL,7,13,104,6,22,122,35,41,0,25,12
20801164,08/04/2009 00:00,ORL,MEM,4,15,81,1,19,78,27,28,1,21,13
20801172,08/04/2009 00:00,GSW,MIN,9,12,97,6,25,105,29,31,0,8,16
20801171,08/04/2009 00:00,DAL,UTA,11,29,130,6,27,101,34,28,1,5,28
20801167,08/04/2009 00:00,MIL,ATL,8,21,105,9,34,113,30,26,0,15,0
20801162,08/04/2009 00:00,CLE,WAS,5,17,98,4,20,86,33,27,1,4,29
20801165,08/04/2009 00:00,BOS,NJN,5,19,106,10,18,104,36,28,1,1,17
20801168,08/04/2009 00:00,NOH,PHX,7,9,100,6,25,105,35,31,0,18,23
20801163,08/04/2009 00:00,IND,TOR,4,26,130,3,22,101,46,35,1,10,27
20801166,08/04/2009 00:00,NYK,DET,9,13,86,7,8,113,23,42,0,19,7
20801169,08/04/2009 00:00,SAS,POR,5,8,83,6,11,95,30,33,0,26,24
20801170,08/04/2009 00:00,DEN,OKC,6,30,122,5,25,112,37,36,1,6,20
20801174,09/04/2009 00:00,SAC,HOU,10,14,98,11,10,115,27,36,0,25,9
20801173,09/04/2009 00:00,CHI,PHI,8,19,113,7,16,99,35,31,1,3,22
20801175,09/04/2009 00:00,LAL,DEN,5,37,116,5,25,102,32,31,1,12,6
20801188,10/04/2009 00:00,LAC,SAC,5,10,109,4,12,78,42,27,1,11,25
20801187,10/04/2009 00:00,GSW,HOU,6,31,109,7,26,113,30,33,0,8,9
20801177,10/04/2009 00:00,PHI,CLE,2,24,92,12,16,102,31,25,0,22,4
20801182,10/04/2009 00:00,OKC,CHA,1,9,84,7,16,81,36,22,1,20,2
20801178,10/04/2009 00:00,ATL,IND,8,34,122,10,24,118,32,32,1,0,10
20801176,10/04/2009 00:00,ORL,NYK,7,18,95,8,17,105,28,32,0,21,19
20801179,10/04/2009 00:00,BOS,MIA,9,20,105,6,14,98,29,33,1,1,14
20801185,10/04/2009 00:00,SAS,UTA,8,27,105,4,25,99,27,31,1,26,28
20801180,10/04/2009 00:00,DET,NJN,6,18,100,10,11,93,32,26,1,7,17
20801181,10/04/2009 00:00,MEM,PHX,9,13,106,3,12,89,33,34,1,13,23
20801183,10/04/2009 00:00,TOR,WAS,8,14,98,3,13,100,30,39,0,27,29
20801184,10/04/2009 00:00,DAL,NOH,5,27,100,6,22,92,29,26,1,5,18
20801186,10/04/2009 00:00,POR,LAL,9,27,106,7,15,98,26,31,1,24,12
20801191,11/04/2009 00:00,MIN,PHX,8,15,97,8,22,110,29,32,0,16,23
20801195,11/04/2009 00:00,LAC,POR,2,10,72,4,19,87,28,28,0,11,24
20801192,11/04/2009 00:00,CHI,CHA,11,22,113,9,21,106,29,29,1,3,2
20801190,11/04/2009 00:00,NJN,ORL,11,16,103,7,16,93,27,28,1,17,21
20801194,11/04/2009 00:00,UTA,GSW,5,29,108,9,29,118,32,31,0,28,8
20801189,11/04/2009 00:00,IND,DET,9,17,106,5,23,102,31,32,1,10,7
20801193,11/04/2009 00:00,MIL,OKC,9,20,115,7,19,98,34,29,1,15,20
20801199,12/04/2009 00:00,TOR,PHI,4,23,111,6,30,104,38,28,1,27,22
20801198,12/04/2009 00:00,MIA,NYK,15,17,122,8,19,105,30,31,1,14,19
20801200,12/04/2009 00:00,SAC,SAS,8,16,92,9,16,95,26,26,0,25,26
20801201,12/04/2009 00:00,LAL,MEM,3,13,92,8,15,75,35,18,1,12,13
20801197,12/04/2009 00:00,CLE,BOS,10,21,107,5,13,76,28,24,1,4,1
20801196,12/04/2009 00:00,NOH,DAL,7,15,102,6,12,92,33,31,1,18,5
20801206,13/04/2009 00:00,MIL,ORL,8,20,98,2,22,80,27,26,1,15,21
20801213,13/04/2009 00:00,GSW,SAS,2,14,72,8,19,101,26,29,0,8,26
20801205,13/04/2009 00:00,NJN,CHA,9,20,91,0,21,87,22,33,1,17,2
20801210,13/04/2009 00:00,UTA,LAC,4,32,106,5,10,85,31,30,1,28,11
20801203,13/04/2009 00:00,WAS,TOR,3,19,96,4,15,97,34,35,0,29,27
20801207,13/04/2009 00:00,DAL,MIN,8,24,96,10,10,94,24,27,1,5,16
20801208,13/04/2009 00:00,HOU,NOH,5,13,86,4,6,66,29,24,1,9,18
20801204,13/04/2009 00:00,DET,CHI,4,16,88,5,14,91,30,31,0,7,3
20801202,13/04/2009 00:00,IND,CLE,8,23,109,8,29,117,31,32,0,10,4
20801211,13/04/2009 00:00,PHX,MEM,5,26,119,5,25,110,39,35,1,23,13
20801212,13/04/2009 00:00,POR,OKC,6,17,113,2,15,83,39,31,1,24,20
20801209,13/04/2009 00:00,DEN,SAC,13,27,118,9,9,98,26,31,1,6,25
20801214,14/04/2009 00:00,ATL,MIA,4,17,81,9,8,79,26,22,1,0,14
20801215,14/04/2009 00:00,PHI,BOS,3,19,98,9,9,100,35,32,0,22,1
20801216,14/04/2009 00:00,LAL,UTA,8,21,125,3,35,112,40,34,1,12,28
20801218,15/04/2009 00:00,CHI,TOR,3,17,98,4,17,109,36,40,0,3,27
20801226,15/04/2009 00:00,ORL,CHA,10,14,98,2,23,73,27,22,1,21,2
20801221,15/04/2009 00:00,IND,MIL,12,25,115,7,13,108,27,37,1,10,15
20801223,15/04/2009 00:00,MIA,DET,12,12,102,2,22,96,27,34,1,14,7
20801220,15/04/2009 00:00,DAL,HOU,6,15,95,4,14,84,31,29,1,5,9
20801230,15/04/2009 00:00,POR,DEN,13,13,104,5,15,76,26,23,1,24,6
20801228,15/04/2009 00:00,LAC,OKC,5,10,85,4,26,126,30,44,0,11,20
20801229,15/04/2009 00:00,PHX,GSW,7,30,117,5,22,113,33,38,1,23,8
20801227,15/04/2009 00:00,SAS,NOH,6,15,105,6,14,98,36,33,1,26,18
20801217,15/04/2009 00:00,BOS,WAS,10,15,115,7,24,107,35,31,1,1,29
20801219,15/04/2009 00:00,CLE,PHI,10,8,110,3,32,111,36,35,0,4,22
20801225,15/04/2009 00:00,NYK,NJN,7,19,102,4,17,73,31,22,1,19,17
20801222,15/04/2009 00:00,MEM,ATL,3,21,98,6,18,90,34,27,1,13,0
20801224,15/04/2009 00:00,MIN,SAC,7,19,90,7,22,97,25,27,0,16,25
